insert into bank (id, name, country_id) values (1, 'Pichincha', 1);

insert into bank_account (id, account_number, bank_commission, fx_commission, recharge_cost, country_id, branch_id) values (1, '22365498-8852263', 0.02, 0.02, 2.00, 1, 1);

insert into branch (id, name, code, city_id, bank_id) values (1, 'Junin', '', 1, 1);
insert into branch (id, name, code, city_id, bank_id) values (2, 'Laureles', '', 1, 1);
insert into branch (id, name, code, city_id, bank_id) values (3, 'Poblado', '', 1, 1);
insert into branch (id, name, code, city_id, bank_id) values (4, 'Alameda', '', 1004, 1);
insert into branch (id, name, code, city_id, bank_id) values (5, 'Avenida Sexta Norte', '', 1004, 1);
insert into branch (id, name, code, city_id, bank_id) values (6, 'Centro Carrera Tercera', '', 1004, 1);
insert into branch (id, name, code, city_id, bank_id) values (7, 'Holguines', '', 1004, 1);

insert into city (id, name, code, country_id) values (1, 'MEDELLIN', 5001, 1);
insert into city (id, name, code, country_id) values (2, 'ABEJORRAL', 5002, 1);
insert into city (id, name, code, country_id) values (3, 'ABRIAQUI', 5004, 1);
insert into city (id, name, code, country_id) values (4, 'ALEJANDRIA', 5021, 1);
insert into city (id, name, code, country_id) values (5, 'AMAGA', 5030, 1);
insert into city (id, name, code, country_id) values (6, 'AMALFI', 5031, 1);
insert into city (id, name, code, country_id) values (7, 'ANDES', 5034, 1);
insert into city (id, name, code, country_id) values (8, 'ANGELOPOLIS', 5036, 1);
insert into city (id, name, code, country_id) values (9, 'ANGOSTURA', 5038, 1);
insert into city (id, name, code, country_id) values (10, 'ANORI', 5040, 1);
insert into city (id, name, code, country_id) values (11, 'SANTAFE DE ANTIOQUIA', 5042, 1);
insert into city (id, name, code, country_id) values (12, 'ANZA', 5044, 1);
insert into city (id, name, code, country_id) values (13, 'APARTADO', 5045, 1);
insert into city (id, name, code, country_id) values (14, 'ARBOLETES', 5051, 1);
insert into city (id, name, code, country_id) values (15, 'ARGELIA', 5055, 1);
insert into city (id, name, code, country_id) values (16, 'ARMENIA', 5059, 1);
insert into city (id, name, code, country_id) values (17, 'BARBOSA', 5079, 1);
insert into city (id, name, code, country_id) values (18, 'BELMIRA', 5086, 1);
insert into city (id, name, code, country_id) values (19, 'BELLO', 5088, 1);
insert into city (id, name, code, country_id) values (20, 'BETANIA', 5091, 1);
insert into city (id, name, code, country_id) values (21, 'BETULIA', 5093, 1);
insert into city (id, name, code, country_id) values (22, 'CIUDAD BOLIVAR', 5101, 1);
insert into city (id, name, code, country_id) values (23, 'BRICEÑO', 5107, 1);
insert into city (id, name, code, country_id) values (24, 'BURITICA', 5113, 1);
insert into city (id, name, code, country_id) values (25, 'CACERES', 5120, 1);
insert into city (id, name, code, country_id) values (26, 'CAICEDO', 5125, 1);
insert into city (id, name, code, country_id) values (27, 'CALDAS', 5129, 1);
insert into city (id, name, code, country_id) values (28, 'CAMPAMENTO', 5134, 1);
insert into city (id, name, code, country_id) values (29, 'CAÑASGORDAS', 5138, 1);
insert into city (id, name, code, country_id) values (30, 'CARACOLI', 5142, 1);
insert into city (id, name, code, country_id) values (31, 'CARAMANTA', 5145, 1);
insert into city (id, name, code, country_id) values (32, 'CAREPA', 5147, 1);
insert into city (id, name, code, country_id) values (33, 'EL CARMEN DE VIBORAL', 5148, 1);
insert into city (id, name, code, country_id) values (34, 'CAROLINA', 5150, 1);
insert into city (id, name, code, country_id) values (35, 'CAUCASIA', 5154, 1);
insert into city (id, name, code, country_id) values (36, 'CHIGORODO', 5172, 1);
insert into city (id, name, code, country_id) values (37, 'CISNEROS', 5190, 1);
insert into city (id, name, code, country_id) values (38, 'COCORNA', 5197, 1);
insert into city (id, name, code, country_id) values (39, 'CONCEPCION', 5206, 1);
insert into city (id, name, code, country_id) values (40, 'CONCORDIA', 5209, 1);
insert into city (id, name, code, country_id) values (41, 'COPACABANA', 5212, 1);
insert into city (id, name, code, country_id) values (42, 'DABEIBA', 5234, 1);
insert into city (id, name, code, country_id) values (43, 'DON MATIAS', 5237, 1);
insert into city (id, name, code, country_id) values (44, 'EBEJICO', 5240, 1);
insert into city (id, name, code, country_id) values (45, 'EL BAGRE', 5250, 1);
insert into city (id, name, code, country_id) values (46, 'ENTRERRIOS', 5264, 1);
insert into city (id, name, code, country_id) values (47, 'ENVIGADO', 5266, 1);
insert into city (id, name, code, country_id) values (48, 'FREDONIA', 5282, 1);
insert into city (id, name, code, country_id) values (49, 'FRONTINO', 5284, 1);
insert into city (id, name, code, country_id) values (50, 'GIRALDO', 5306, 1);
insert into city (id, name, code, country_id) values (51, 'GIRARDOTA', 5308, 1);
insert into city (id, name, code, country_id) values (52, 'GOMEZ PLATA', 5310, 1);
insert into city (id, name, code, country_id) values (53, 'GRANADA', 5313, 1);
insert into city (id, name, code, country_id) values (54, 'GUADALUPE', 5315, 1);
insert into city (id, name, code, country_id) values (55, 'GUARNE', 5318, 1);
insert into city (id, name, code, country_id) values (56, 'GUATAPE', 5321, 1);
insert into city (id, name, code, country_id) values (57, 'HELICONIA', 5347, 1);
insert into city (id, name, code, country_id) values (58, 'HISPANIA', 5353, 1);
insert into city (id, name, code, country_id) values (59, 'ITAGUI', 5360, 1);
insert into city (id, name, code, country_id) values (60, 'ITUANGO', 5361, 1);
insert into city (id, name, code, country_id) values (61, 'JARDIN', 5364, 1);
insert into city (id, name, code, country_id) values (62, 'JERICO', 5368, 1);
insert into city (id, name, code, country_id) values (63, 'LA CEJA', 5376, 1);
insert into city (id, name, code, country_id) values (64, 'LA ESTRELLA', 5380, 1);
insert into city (id, name, code, country_id) values (65, 'LA PINTADA', 5390, 1);
insert into city (id, name, code, country_id) values (66, 'LA UNION', 5400, 1);
insert into city (id, name, code, country_id) values (67, 'LIBORINA', 5411, 1);
insert into city (id, name, code, country_id) values (68, 'MACEO', 5425, 1);
insert into city (id, name, code, country_id) values (69, 'MARINILLA', 5440, 1);
insert into city (id, name, code, country_id) values (70, 'MONTEBELLO', 5467, 1);
insert into city (id, name, code, country_id) values (71, 'MURINDO', 5475, 1);
insert into city (id, name, code, country_id) values (72, 'MUTATA', 5480, 1);
insert into city (id, name, code, country_id) values (73, 'NARIÑO', 5483, 1);
insert into city (id, name, code, country_id) values (74, 'NECOCLI', 5490, 1);
insert into city (id, name, code, country_id) values (75, 'NECHI', 5495, 1);
insert into city (id, name, code, country_id) values (76, 'OLAYA', 5501, 1);
insert into city (id, name, code, country_id) values (77, 'PEÐOL', 5541, 1);
insert into city (id, name, code, country_id) values (78, 'PEQUE', 5543, 1);
insert into city (id, name, code, country_id) values (79, 'PUEBLORRICO', 5576, 1);
insert into city (id, name, code, country_id) values (80, 'PUERTO BERRIO', 5579, 1);
insert into city (id, name, code, country_id) values (81, 'PUERTO NARE', 5585, 1);
insert into city (id, name, code, country_id) values (82, 'PUERTO TRIUNFO', 5591, 1);
insert into city (id, name, code, country_id) values (83, 'REMEDIOS', 5604, 1);
insert into city (id, name, code, country_id) values (84, 'RETIRO', 5607, 1);
insert into city (id, name, code, country_id) values (85, 'RIONEGRO', 5615, 1);
insert into city (id, name, code, country_id) values (86, 'SABANALARGA', 5628, 1);
insert into city (id, name, code, country_id) values (87, 'SABANETA', 5631, 1);
insert into city (id, name, code, country_id) values (88, 'SALGAR', 5642, 1);
insert into city (id, name, code, country_id) values (89, 'SAN ANDRES DE CUERQUIA', 5647, 1);
insert into city (id, name, code, country_id) values (90, 'SAN CARLOS', 5649, 1);
insert into city (id, name, code, country_id) values (91, 'SAN FRANCISCO', 5652, 1);
insert into city (id, name, code, country_id) values (92, 'SAN JERONIMO', 5656, 1);
insert into city (id, name, code, country_id) values (93, 'SAN JOSE DE LA MONTAÑA', 5658, 1);
insert into city (id, name, code, country_id) values (94, 'SAN JUAN DE URABA', 5659, 1);
insert into city (id, name, code, country_id) values (95, 'SAN LUIS', 5660, 1);
insert into city (id, name, code, country_id) values (96, 'SAN PEDRO', 5664, 1);
insert into city (id, name, code, country_id) values (97, 'SAN PEDRO DE URABA', 5665, 1);
insert into city (id, name, code, country_id) values (98, 'SAN RAFAEL', 5667, 1);
insert into city (id, name, code, country_id) values (99, 'SAN ROQUE', 5670, 1);
insert into city (id, name, code, country_id) values (100, 'SAN VICENTE', 5674, 1);
insert into city (id, name, code, country_id) values (101, 'SANTA BARBARA', 5679, 1);
insert into city (id, name, code, country_id) values (102, 'SANTA ROSA DE OSOS', 5686, 1);
insert into city (id, name, code, country_id) values (103, 'SANTO DOMINGO', 5690, 1);
insert into city (id, name, code, country_id) values (104, 'EL SANTUARIO', 5697, 1);
insert into city (id, name, code, country_id) values (105, 'SEGOVIA', 5736, 1);
insert into city (id, name, code, country_id) values (106, 'SONSON', 5756, 1);
insert into city (id, name, code, country_id) values (107, 'SOPETRAN', 5761, 1);
insert into city (id, name, code, country_id) values (108, 'TAMESIS', 5789, 1);
insert into city (id, name, code, country_id) values (109, 'TARAZA', 5790, 1);
insert into city (id, name, code, country_id) values (110, 'TARSO', 5792, 1);
insert into city (id, name, code, country_id) values (111, 'TITIRIBI', 5809, 1);
insert into city (id, name, code, country_id) values (112, 'TOLEDO', 5819, 1);
insert into city (id, name, code, country_id) values (113, 'TURBO', 5837, 1);
insert into city (id, name, code, country_id) values (114, 'URAMITA', 5842, 1);
insert into city (id, name, code, country_id) values (115, 'URRAO', 5847, 1);
insert into city (id, name, code, country_id) values (116, 'VALDIVIA', 5854, 1);
insert into city (id, name, code, country_id) values (117, 'VALPARAISO', 5856, 1);
insert into city (id, name, code, country_id) values (118, 'VEGACHI', 5858, 1);
insert into city (id, name, code, country_id) values (119, 'VENECIA', 5861, 1);
insert into city (id, name, code, country_id) values (120, 'VIGIA DEL FUERTE', 5873, 1);
insert into city (id, name, code, country_id) values (121, 'YALI', 5885, 1);
insert into city (id, name, code, country_id) values (122, 'YARUMAL', 5887, 1);
insert into city (id, name, code, country_id) values (123, 'YOLOMBO', 5890, 1);
insert into city (id, name, code, country_id) values (124, 'YONDO', 5893, 1);
insert into city (id, name, code, country_id) values (125, 'ZARAGOZA', 5895, 1);
insert into city (id, name, code, country_id) values (126, 'BARRANQUILLA', 8001, 1);
insert into city (id, name, code, country_id) values (127, 'BARANOA', 8078, 1);
insert into city (id, name, code, country_id) values (128, 'CAMPO DE LA CRUZ', 8137, 1);
insert into city (id, name, code, country_id) values (129, 'CANDELARIA', 8141, 1);
insert into city (id, name, code, country_id) values (130, 'GALAPA', 8296, 1);
insert into city (id, name, code, country_id) values (131, 'JUAN DE ACOSTA', 8372, 1);
insert into city (id, name, code, country_id) values (132, 'LURUACO', 8421, 1);
insert into city (id, name, code, country_id) values (133, 'MALAMBO', 8433, 1);
insert into city (id, name, code, country_id) values (134, 'MANATI', 8436, 1);
insert into city (id, name, code, country_id) values (135, 'PALMAR DE VARELA', 8520, 1);
insert into city (id, name, code, country_id) values (136, 'PIOJO', 8549, 1);
insert into city (id, name, code, country_id) values (137, 'POLONUEVO', 8558, 1);
insert into city (id, name, code, country_id) values (138, 'PONEDERA', 8560, 1);
insert into city (id, name, code, country_id) values (139, 'PUERTO COLOMBIA', 8573, 1);
insert into city (id, name, code, country_id) values (140, 'REPELON', 8606, 1);
insert into city (id, name, code, country_id) values (141, 'SABANAGRANDE', 8634, 1);
insert into city (id, name, code, country_id) values (142, 'SABANALARGA', 8638, 1);
insert into city (id, name, code, country_id) values (143, 'SANTA LUCIA', 8675, 1);
insert into city (id, name, code, country_id) values (144, 'SANTO TOMAS', 8685, 1);
insert into city (id, name, code, country_id) values (145, 'SOLEDAD', 8758, 1);
insert into city (id, name, code, country_id) values (146, 'SUAN', 8770, 1);
insert into city (id, name, code, country_id) values (147, 'TUBARA', 8832, 1);
insert into city (id, name, code, country_id) values (148, 'USIACURI', 8849, 1);
insert into city (id, name, code, country_id) values (149, 'BOGOTA, D.C.', 11001, 1);
insert into city (id, name, code, country_id) values (150, 'CARTAGENA', 13001, 1);
insert into city (id, name, code, country_id) values (151, 'ACHI', 13006, 1);
insert into city (id, name, code, country_id) values (152, 'ALTOS DEL ROSARIO', 13030, 1);
insert into city (id, name, code, country_id) values (153, 'ARENAL', 13042, 1);
insert into city (id, name, code, country_id) values (154, 'ARJONA', 13052, 1);
insert into city (id, name, code, country_id) values (155, 'ARROYOHONDO', 13062, 1);
insert into city (id, name, code, country_id) values (156, 'BARRANCO DE LOBA', 13074, 1);
insert into city (id, name, code, country_id) values (157, 'CALAMAR', 13140, 1);
insert into city (id, name, code, country_id) values (158, 'CANTAGALLO', 13160, 1);
insert into city (id, name, code, country_id) values (159, 'CICUCO', 13188, 1);
insert into city (id, name, code, country_id) values (160, 'CORDOBA', 13212, 1);
insert into city (id, name, code, country_id) values (161, 'CLEMENCIA', 13222, 1);
insert into city (id, name, code, country_id) values (162, 'EL CARMEN DE BOLIVAR', 13244, 1);
insert into city (id, name, code, country_id) values (163, 'EL GUAMO', 13248, 1);
insert into city (id, name, code, country_id) values (164, 'EL PEÑON', 13268, 1);
insert into city (id, name, code, country_id) values (165, 'HATILLO DE LOBA', 13300, 1);
insert into city (id, name, code, country_id) values (166, 'MAGANGUE', 13430, 1);
insert into city (id, name, code, country_id) values (167, 'MAHATES', 13433, 1);
insert into city (id, name, code, country_id) values (168, 'MARGARITA', 13440, 1);
insert into city (id, name, code, country_id) values (169, 'MARIA LA BAJA', 13442, 1);
insert into city (id, name, code, country_id) values (170, 'MONTECRISTO', 13458, 1);
insert into city (id, name, code, country_id) values (171, 'MOMPOS', 13468, 1);
insert into city (id, name, code, country_id) values (172, 'NOROSI', 13490, 1);
insert into city (id, name, code, country_id) values (173, 'MORALES', 13473, 1);
insert into city (id, name, code, country_id) values (174, 'PINILLOS', 13549, 1);
insert into city (id, name, code, country_id) values (175, 'REGIDOR', 13580, 1);
insert into city (id, name, code, country_id) values (176, 'RIO VIEJO', 13600, 1);
insert into city (id, name, code, country_id) values (177, 'SAN CRISTOBAL', 13620, 1);
insert into city (id, name, code, country_id) values (178, 'SAN ESTANISLAO', 13647, 1);
insert into city (id, name, code, country_id) values (179, 'SAN FERNANDO', 13650, 1);
insert into city (id, name, code, country_id) values (180, 'SAN JACINTO', 13654, 1);
insert into city (id, name, code, country_id) values (181, 'SAN JACINTO DEL CAUCA', 13655, 1);
insert into city (id, name, code, country_id) values (182, 'SAN JUAN NEPOMUCENO', 13657, 1);
insert into city (id, name, code, country_id) values (183, 'SAN MARTIN DE LOBA', 13667, 1);
insert into city (id, name, code, country_id) values (184, 'SAN PABLO', 13670, 1);
insert into city (id, name, code, country_id) values (185, 'SANTA CATALINA', 13673, 1);
insert into city (id, name, code, country_id) values (186, 'SANTA ROSA', 13683, 1);
insert into city (id, name, code, country_id) values (187, 'SANTA ROSA DEL SUR', 13688, 1);
insert into city (id, name, code, country_id) values (188, 'SIMITI', 13744, 1);
insert into city (id, name, code, country_id) values (189, 'SOPLAVIENTO', 13760, 1);
insert into city (id, name, code, country_id) values (190, 'TALAIGUA NUEVO', 13780, 1);
insert into city (id, name, code, country_id) values (191, 'TIQUISIO', 13810, 1);
insert into city (id, name, code, country_id) values (192, 'TURBACO', 13836, 1);
insert into city (id, name, code, country_id) values (193, 'TURBANA', 13838, 1);
insert into city (id, name, code, country_id) values (194, 'VILLANUEVA', 13873, 1);
insert into city (id, name, code, country_id) values (195, 'ZAMBRANO', 13894, 1);
insert into city (id, name, code, country_id) values (196, 'TUNJA', 15001, 1);
insert into city (id, name, code, country_id) values (197, 'ALMEIDA', 15022, 1);
insert into city (id, name, code, country_id) values (198, 'AQUITANIA', 15047, 1);
insert into city (id, name, code, country_id) values (199, 'ARCABUCO', 15051, 1);
insert into city (id, name, code, country_id) values (200, 'BELEN', 15087, 1);
insert into city (id, name, code, country_id) values (201, 'BERBEO', 15090, 1);
insert into city (id, name, code, country_id) values (202, 'BETEITIVA', 15092, 1);
insert into city (id, name, code, country_id) values (203, 'BOAVITA', 15097, 1);
insert into city (id, name, code, country_id) values (204, 'BOYACA', 15104, 1);
insert into city (id, name, code, country_id) values (205, 'BRICEÑO', 15106, 1);
insert into city (id, name, code, country_id) values (206, 'BUENAVISTA', 15109, 1);
insert into city (id, name, code, country_id) values (207, 'BUSBANZA', 15114, 1);
insert into city (id, name, code, country_id) values (208, 'CALDAS', 15131, 1);
insert into city (id, name, code, country_id) values (209, 'CAMPOHERMOSO', 15135, 1);
insert into city (id, name, code, country_id) values (210, 'CERINZA', 15162, 1);
insert into city (id, name, code, country_id) values (211, 'CHINAVITA', 15172, 1);
insert into city (id, name, code, country_id) values (212, 'CHIQUINQUIRA', 15176, 1);
insert into city (id, name, code, country_id) values (213, 'CHISCAS', 15180, 1);
insert into city (id, name, code, country_id) values (214, 'CHITA', 15183, 1);
insert into city (id, name, code, country_id) values (215, 'CHITARAQUE', 15185, 1);
insert into city (id, name, code, country_id) values (216, 'CHIVATA', 15187, 1);
insert into city (id, name, code, country_id) values (217, 'CIENEGA', 15189, 1);
insert into city (id, name, code, country_id) values (218, 'COMBITA', 15204, 1);
insert into city (id, name, code, country_id) values (219, 'COPER', 15212, 1);
insert into city (id, name, code, country_id) values (220, 'CORRALES', 15215, 1);
insert into city (id, name, code, country_id) values (221, 'COVARACHIA', 15218, 1);
insert into city (id, name, code, country_id) values (222, 'CUBARA', 15223, 1);
insert into city (id, name, code, country_id) values (223, 'CUCAITA', 15224, 1);
insert into city (id, name, code, country_id) values (224, 'CUITIVA', 15226, 1);
insert into city (id, name, code, country_id) values (225, 'CHIQUIZA', 15232, 1);
insert into city (id, name, code, country_id) values (226, 'CHIVOR', 15236, 1);
insert into city (id, name, code, country_id) values (227, 'DUITAMA', 15238, 1);
insert into city (id, name, code, country_id) values (228, 'EL COCUY', 15244, 1);
insert into city (id, name, code, country_id) values (229, 'EL ESPINO', 15248, 1);
insert into city (id, name, code, country_id) values (230, 'FIRAVITOBA', 15272, 1);
insert into city (id, name, code, country_id) values (231, 'FLORESTA', 15276, 1);
insert into city (id, name, code, country_id) values (232, 'GACHANTIVA', 15293, 1);
insert into city (id, name, code, country_id) values (233, 'GAMEZA', 15296, 1);
insert into city (id, name, code, country_id) values (234, 'GARAGOA', 15299, 1);
insert into city (id, name, code, country_id) values (235, 'GUACAMAYAS', 15317, 1);
insert into city (id, name, code, country_id) values (236, 'GUATEQUE', 15322, 1);
insert into city (id, name, code, country_id) values (237, 'GUAYATA', 15325, 1);
insert into city (id, name, code, country_id) values (238, 'GsICAN', 15332, 1);
insert into city (id, name, code, country_id) values (239, 'IZA', 15362, 1);
insert into city (id, name, code, country_id) values (240, 'JENESANO', 15367, 1);
insert into city (id, name, code, country_id) values (241, 'JERICO', 15368, 1);
insert into city (id, name, code, country_id) values (242, 'LABRANZAGRANDE', 15377, 1);
insert into city (id, name, code, country_id) values (243, 'LA CAPILLA', 15380, 1);
insert into city (id, name, code, country_id) values (244, 'LA VICTORIA', 15401, 1);
insert into city (id, name, code, country_id) values (245, 'LA UVITA', 15403, 1);
insert into city (id, name, code, country_id) values (246, 'VILLA DE LEYVA', 15407, 1);
insert into city (id, name, code, country_id) values (247, 'MACANAL', 15425, 1);
insert into city (id, name, code, country_id) values (248, 'MARIPI', 15442, 1);
insert into city (id, name, code, country_id) values (249, 'MIRAFLORES', 15455, 1);
insert into city (id, name, code, country_id) values (250, 'MONGUA', 15464, 1);
insert into city (id, name, code, country_id) values (251, 'MONGUI', 15466, 1);
insert into city (id, name, code, country_id) values (252, 'MONIQUIRA', 15469, 1);
insert into city (id, name, code, country_id) values (253, 'MOTAVITA', 15476, 1);
insert into city (id, name, code, country_id) values (254, 'MUZO', 15480, 1);
insert into city (id, name, code, country_id) values (255, 'NOBSA', 15491, 1);
insert into city (id, name, code, country_id) values (256, 'NUEVO COLON', 15494, 1);
insert into city (id, name, code, country_id) values (257, 'OICATA', 15500, 1);
insert into city (id, name, code, country_id) values (258, 'OTANCHE', 15507, 1);
insert into city (id, name, code, country_id) values (259, 'PACHAVITA', 15511, 1);
insert into city (id, name, code, country_id) values (260, 'PAEZ', 15514, 1);
insert into city (id, name, code, country_id) values (261, 'PAIPA', 15516, 1);
insert into city (id, name, code, country_id) values (262, 'PAJARITO', 15518, 1);
insert into city (id, name, code, country_id) values (263, 'PANQUEBA', 15522, 1);
insert into city (id, name, code, country_id) values (264, 'PAUNA', 15531, 1);
insert into city (id, name, code, country_id) values (265, 'PAYA', 15533, 1);
insert into city (id, name, code, country_id) values (266, 'PAZ DE RIO', 15537, 1);
insert into city (id, name, code, country_id) values (267, 'PESCA', 15542, 1);
insert into city (id, name, code, country_id) values (268, 'PISBA', 15550, 1);
insert into city (id, name, code, country_id) values (269, 'PUERTO BOYACA', 15572, 1);
insert into city (id, name, code, country_id) values (270, 'QUIPAMA', 15580, 1);
insert into city (id, name, code, country_id) values (271, 'RAMIRIQUI', 15599, 1);
insert into city (id, name, code, country_id) values (272, 'RAQUIRA', 15600, 1);
insert into city (id, name, code, country_id) values (273, 'RONDON', 15621, 1);
insert into city (id, name, code, country_id) values (274, 'SABOYA', 15632, 1);
insert into city (id, name, code, country_id) values (275, 'SACHICA', 15638, 1);
insert into city (id, name, code, country_id) values (276, 'SAMACA', 15646, 1);
insert into city (id, name, code, country_id) values (277, 'SAN EDUARDO', 15660, 1);
insert into city (id, name, code, country_id) values (278, 'SAN JOSE DE PARE', 15664, 1);
insert into city (id, name, code, country_id) values (279, 'SAN LUIS DE GACENO', 15667, 1);
insert into city (id, name, code, country_id) values (280, 'SAN MATEO', 15673, 1);
insert into city (id, name, code, country_id) values (281, 'SAN MIGUEL DE SEMA', 15676, 1);
insert into city (id, name, code, country_id) values (282, 'SAN PABLO DE BORBUR', 15681, 1);
insert into city (id, name, code, country_id) values (283, 'SANTANA', 15686, 1);
insert into city (id, name, code, country_id) values (284, 'SANTA MARIA', 15690, 1);
insert into city (id, name, code, country_id) values (285, 'SANTA ROSA DE VITERBO', 15693, 1);
insert into city (id, name, code, country_id) values (286, 'SANTA SOFIA', 15696, 1);
insert into city (id, name, code, country_id) values (287, 'SATIVANORTE', 15720, 1);
insert into city (id, name, code, country_id) values (288, 'SATIVASUR', 15723, 1);
insert into city (id, name, code, country_id) values (289, 'SIACHOQUE', 15740, 1);
insert into city (id, name, code, country_id) values (290, 'SOATA', 15753, 1);
insert into city (id, name, code, country_id) values (291, 'SOCOTA', 15755, 1);
insert into city (id, name, code, country_id) values (292, 'SOCHA', 15757, 1);
insert into city (id, name, code, country_id) values (293, 'SOGAMOSO', 15759, 1);
insert into city (id, name, code, country_id) values (294, 'SOMONDOCO', 15761, 1);
insert into city (id, name, code, country_id) values (295, 'SORA', 15762, 1);
insert into city (id, name, code, country_id) values (296, 'SOTAQUIRA', 15763, 1);
insert into city (id, name, code, country_id) values (297, 'SORACA', 15764, 1);
insert into city (id, name, code, country_id) values (298, 'SUSACON', 15774, 1);
insert into city (id, name, code, country_id) values (299, 'SUTAMARCHAN', 15776, 1);
insert into city (id, name, code, country_id) values (300, 'SUTATENZA', 15778, 1);
insert into city (id, name, code, country_id) values (301, 'TASCO', 15790, 1);
insert into city (id, name, code, country_id) values (302, 'TENZA', 15798, 1);
insert into city (id, name, code, country_id) values (303, 'TIBANA', 15804, 1);
insert into city (id, name, code, country_id) values (304, 'TIBASOSA', 15806, 1);
insert into city (id, name, code, country_id) values (305, 'TINJACA', 15808, 1);
insert into city (id, name, code, country_id) values (306, 'TIPACOQUE', 15810, 1);
insert into city (id, name, code, country_id) values (307, 'TOCA', 15814, 1);
insert into city (id, name, code, country_id) values (308, 'TOGsI', 15816, 1);
insert into city (id, name, code, country_id) values (309, 'TOPAGA', 15820, 1);
insert into city (id, name, code, country_id) values (310, 'TOTA', 15822, 1);
insert into city (id, name, code, country_id) values (311, 'TUNUNGUA', 15832, 1);
insert into city (id, name, code, country_id) values (312, 'TURMEQUE', 15835, 1);
insert into city (id, name, code, country_id) values (313, 'TUTA', 15837, 1);
insert into city (id, name, code, country_id) values (314, 'TUTAZA', 15839, 1);
insert into city (id, name, code, country_id) values (315, 'UMBITA', 15842, 1);
insert into city (id, name, code, country_id) values (316, 'VENTAQUEMADA', 15861, 1);
insert into city (id, name, code, country_id) values (317, 'VIRACACHA', 15879, 1);
insert into city (id, name, code, country_id) values (318, 'ZETAQUIRA', 15897, 1);
insert into city (id, name, code, country_id) values (319, 'MANIZALES', 17001, 1);
insert into city (id, name, code, country_id) values (320, 'AGUADAS', 17013, 1);
insert into city (id, name, code, country_id) values (321, 'ANSERMA', 17042, 1);
insert into city (id, name, code, country_id) values (322, 'ARANZAZU', 17050, 1);
insert into city (id, name, code, country_id) values (323, 'BELALCAZAR', 17088, 1);
insert into city (id, name, code, country_id) values (324, 'CHINCHINA', 17174, 1);
insert into city (id, name, code, country_id) values (325, 'FILADELFIA', 17272, 1);
insert into city (id, name, code, country_id) values (326, 'LA DORADA', 17380, 1);
insert into city (id, name, code, country_id) values (327, 'LA MERCED', 17388, 1);
insert into city (id, name, code, country_id) values (328, 'MANZANARES', 17433, 1);
insert into city (id, name, code, country_id) values (329, 'MARMATO', 17442, 1);
insert into city (id, name, code, country_id) values (330, 'MARQUETALIA', 17444, 1);
insert into city (id, name, code, country_id) values (331, 'MARULANDA', 17446, 1);
insert into city (id, name, code, country_id) values (332, 'NEIRA', 17486, 1);
insert into city (id, name, code, country_id) values (333, 'NORCASIA', 17495, 1);
insert into city (id, name, code, country_id) values (334, 'PACORA', 17513, 1);
insert into city (id, name, code, country_id) values (335, 'PALESTINA', 17524, 1);
insert into city (id, name, code, country_id) values (336, 'PENSILVANIA', 17541, 1);
insert into city (id, name, code, country_id) values (337, 'RIOSUCIO', 17614, 1);
insert into city (id, name, code, country_id) values (338, 'RISARALDA', 17616, 1);
insert into city (id, name, code, country_id) values (339, 'SALAMINA', 17653, 1);
insert into city (id, name, code, country_id) values (340, 'SAMANA', 17662, 1);
insert into city (id, name, code, country_id) values (341, 'SAN JOSE', 17665, 1);
insert into city (id, name, code, country_id) values (342, 'SUPIA', 17777, 1);
insert into city (id, name, code, country_id) values (343, 'VICTORIA', 17867, 1);
insert into city (id, name, code, country_id) values (344, 'VILLAMARIA', 17873, 1);
insert into city (id, name, code, country_id) values (345, 'VITERBO', 17877, 1);
insert into city (id, name, code, country_id) values (346, 'FLORENCIA', 18001, 1);
insert into city (id, name, code, country_id) values (347, 'ALBANIA', 18029, 1);
insert into city (id, name, code, country_id) values (348, 'BELEN DE LOS ANDAQUIES', 18094, 1);
insert into city (id, name, code, country_id) values (349, 'CARTAGENA DEL CHAIRA', 18150, 1);
insert into city (id, name, code, country_id) values (350, 'CURILLO', 18205, 1);
insert into city (id, name, code, country_id) values (351, 'EL DONCELLO', 18247, 1);
insert into city (id, name, code, country_id) values (352, 'EL PAUJIL', 18256, 1);
insert into city (id, name, code, country_id) values (353, 'LA MONTAÑITA', 18410, 1);
insert into city (id, name, code, country_id) values (354, 'MILAN', 18460, 1);
insert into city (id, name, code, country_id) values (355, 'MORELIA', 18479, 1);
insert into city (id, name, code, country_id) values (356, 'PUERTO RICO', 18592, 1);
insert into city (id, name, code, country_id) values (357, 'SAN JOSE DEL FRAGUA', 18610, 1);
insert into city (id, name, code, country_id) values (358, 'SAN VICENTE DEL CAGUAN', 18753, 1);
insert into city (id, name, code, country_id) values (359, 'SOLANO', 18756, 1);
insert into city (id, name, code, country_id) values (360, 'SOLITA', 18785, 1);
insert into city (id, name, code, country_id) values (361, 'VALPARAISO', 18860, 1);
insert into city (id, name, code, country_id) values (362, 'POPAYAN', 19001, 1);
insert into city (id, name, code, country_id) values (363, 'ALMAGUER', 19022, 1);
insert into city (id, name, code, country_id) values (364, 'ARGELIA', 19050, 1);
insert into city (id, name, code, country_id) values (365, 'BALBOA', 19075, 1);
insert into city (id, name, code, country_id) values (366, 'BOLIVAR', 19100, 1);
insert into city (id, name, code, country_id) values (367, 'BUENOS AIRES', 19110, 1);
insert into city (id, name, code, country_id) values (368, 'CAJIBIO', 19130, 1);
insert into city (id, name, code, country_id) values (369, 'CALDONO', 19137, 1);
insert into city (id, name, code, country_id) values (370, 'CALOTO', 19142, 1);
insert into city (id, name, code, country_id) values (371, 'CORINTO', 19212, 1);
insert into city (id, name, code, country_id) values (372, 'EL TAMBO', 19256, 1);
insert into city (id, name, code, country_id) values (373, 'FLORENCIA', 19290, 1);
insert into city (id, name, code, country_id) values (374, 'GUACHENE', 19300, 1);
insert into city (id, name, code, country_id) values (375, 'GUAPI', 19318, 1);
insert into city (id, name, code, country_id) values (376, 'INZA', 19355, 1);
insert into city (id, name, code, country_id) values (377, 'JAMBALO', 19364, 1);
insert into city (id, name, code, country_id) values (378, 'LA SIERRA', 19392, 1);
insert into city (id, name, code, country_id) values (379, 'LA VEGA', 19397, 1);
insert into city (id, name, code, country_id) values (380, 'LOPEZ', 19418, 1);
insert into city (id, name, code, country_id) values (381, 'MERCADERES', 19450, 1);
insert into city (id, name, code, country_id) values (382, 'MIRANDA', 19455, 1);
insert into city (id, name, code, country_id) values (383, 'MORALES', 19473, 1);
insert into city (id, name, code, country_id) values (384, 'PADILLA', 19513, 1);
insert into city (id, name, code, country_id) values (385, 'PAEZ', 19517, 1);
insert into city (id, name, code, country_id) values (386, 'PATIA', 19532, 1);
insert into city (id, name, code, country_id) values (387, 'PIAMONTE', 19533, 1);
insert into city (id, name, code, country_id) values (388, 'PIENDAMO', 19548, 1);
insert into city (id, name, code, country_id) values (389, 'PUERTO TEJADA', 19573, 1);
insert into city (id, name, code, country_id) values (390, 'PURACE', 19585, 1);
insert into city (id, name, code, country_id) values (391, 'ROSAS', 19622, 1);
insert into city (id, name, code, country_id) values (392, 'SAN SEBASTIAN', 19693, 1);
insert into city (id, name, code, country_id) values (393, 'SANTANDER DE QUILICHAO', 19698, 1);
insert into city (id, name, code, country_id) values (394, 'SANTA ROSA', 19701, 1);
insert into city (id, name, code, country_id) values (395, 'SILVIA', 19743, 1);
insert into city (id, name, code, country_id) values (396, 'SOTARA', 19760, 1);
insert into city (id, name, code, country_id) values (397, 'SUAREZ', 19780, 1);
insert into city (id, name, code, country_id) values (398, 'SUCRE', 19785, 1);
insert into city (id, name, code, country_id) values (399, 'TIMBIO', 19807, 1);
insert into city (id, name, code, country_id) values (400, 'TIMBIQUI', 19809, 1);
insert into city (id, name, code, country_id) values (401, 'TORIBIO', 19821, 1);
insert into city (id, name, code, country_id) values (402, 'TOTORO', 19824, 1);
insert into city (id, name, code, country_id) values (403, 'VILLA RICA', 19845, 1);
insert into city (id, name, code, country_id) values (404, 'VALLEDUPAR', 20001, 1);
insert into city (id, name, code, country_id) values (405, 'AGUACHICA', 20011, 1);
insert into city (id, name, code, country_id) values (406, 'AGUSTIN CODAZZI', 20013, 1);
insert into city (id, name, code, country_id) values (407, 'ASTREA', 20032, 1);
insert into city (id, name, code, country_id) values (408, 'BECERRIL', 20045, 1);
insert into city (id, name, code, country_id) values (409, 'BOSCONIA', 20060, 1);
insert into city (id, name, code, country_id) values (410, 'CHIMICHAGUA', 20175, 1);
insert into city (id, name, code, country_id) values (411, 'CHIRIGUANA', 20178, 1);
insert into city (id, name, code, country_id) values (412, 'CURUMANI', 20228, 1);
insert into city (id, name, code, country_id) values (413, 'EL COPEY', 20238, 1);
insert into city (id, name, code, country_id) values (414, 'EL PASO', 20250, 1);
insert into city (id, name, code, country_id) values (415, 'GAMARRA', 20295, 1);
insert into city (id, name, code, country_id) values (416, 'GONZALEZ', 20310, 1);
insert into city (id, name, code, country_id) values (417, 'LA GLORIA', 20383, 1);
insert into city (id, name, code, country_id) values (418, 'LA JAGUA DE IBIRICO', 20400, 1);
insert into city (id, name, code, country_id) values (419, 'MANAURE', 20443, 1);
insert into city (id, name, code, country_id) values (420, 'PAILITAS', 20517, 1);
insert into city (id, name, code, country_id) values (421, 'PELAYA', 20550, 1);
insert into city (id, name, code, country_id) values (422, 'PUEBLO BELLO', 20570, 1);
insert into city (id, name, code, country_id) values (423, 'RIO DE ORO', 20614, 1);
insert into city (id, name, code, country_id) values (424, 'LA PAZ', 20621, 1);
insert into city (id, name, code, country_id) values (425, 'SAN ALBERTO', 20710, 1);
insert into city (id, name, code, country_id) values (426, 'SAN DIEGO', 20750, 1);
insert into city (id, name, code, country_id) values (427, 'SAN MARTIN', 20770, 1);
insert into city (id, name, code, country_id) values (428, 'TAMALAMEQUE', 20787, 1);
insert into city (id, name, code, country_id) values (429, 'MONTERIA', 23001, 1);
insert into city (id, name, code, country_id) values (430, 'AYAPEL', 23068, 1);
insert into city (id, name, code, country_id) values (431, 'BUENAVISTA', 23079, 1);
insert into city (id, name, code, country_id) values (432, 'CANALETE', 23090, 1);
insert into city (id, name, code, country_id) values (433, 'CERETE', 23162, 1);
insert into city (id, name, code, country_id) values (434, 'CHIMA', 23168, 1);
insert into city (id, name, code, country_id) values (435, 'CHINU', 23182, 1);
insert into city (id, name, code, country_id) values (436, 'CIENAGA DE ORO', 23189, 1);
insert into city (id, name, code, country_id) values (437, 'COTORRA', 23300, 1);
insert into city (id, name, code, country_id) values (438, 'LA APARTADA', 23350, 1);
insert into city (id, name, code, country_id) values (439, 'LORICA', 23417, 1);
insert into city (id, name, code, country_id) values (440, 'LOS CORDOBAS', 23419, 1);
insert into city (id, name, code, country_id) values (441, 'MOMIL', 23464, 1);
insert into city (id, name, code, country_id) values (442, 'MONTELIBANO', 23466, 1);
insert into city (id, name, code, country_id) values (443, 'MOÑITOS', 23500, 1);
insert into city (id, name, code, country_id) values (444, 'PLANETA RICA', 23555, 1);
insert into city (id, name, code, country_id) values (445, 'PUEBLO NUEVO', 23570, 1);
insert into city (id, name, code, country_id) values (446, 'PUERTO ESCONDIDO', 23574, 1);
insert into city (id, name, code, country_id) values (447, 'PUERTO LIBERTADOR', 23580, 1);
insert into city (id, name, code, country_id) values (448, 'PURISIMA', 23586, 1);
insert into city (id, name, code, country_id) values (449, 'SAHAGUN', 23660, 1);
insert into city (id, name, code, country_id) values (450, 'SAN ANDRES SOTAVENTO', 23670, 1);
insert into city (id, name, code, country_id) values (451, 'SAN ANTERO', 23672, 1);
insert into city (id, name, code, country_id) values (452, 'SAN BERNARDO DEL VIENTO', 23675, 1);
insert into city (id, name, code, country_id) values (453, 'SAN CARLOS', 23678, 1);
insert into city (id, name, code, country_id) values (454, 'SAN PELAYO', 23686, 1);
insert into city (id, name, code, country_id) values (455, 'TIERRALTA', 23807, 1);
insert into city (id, name, code, country_id) values (456, 'VALENCIA', 23855, 1);
insert into city (id, name, code, country_id) values (457, 'AGUA DE DIOS', 25001, 1);
insert into city (id, name, code, country_id) values (458, 'ALBAN', 25019, 1);
insert into city (id, name, code, country_id) values (459, 'ANAPOIMA', 25035, 1);
insert into city (id, name, code, country_id) values (460, 'ANOLAIMA', 25040, 1);
insert into city (id, name, code, country_id) values (461, 'ARBELAEZ', 25053, 1);
insert into city (id, name, code, country_id) values (462, 'BELTRAN', 25086, 1);
insert into city (id, name, code, country_id) values (463, 'BITUIMA', 25095, 1);
insert into city (id, name, code, country_id) values (464, 'BOJACA', 25099, 1);
insert into city (id, name, code, country_id) values (465, 'CABRERA', 25120, 1);
insert into city (id, name, code, country_id) values (466, 'CACHIPAY', 25123, 1);
insert into city (id, name, code, country_id) values (467, 'CAJICA', 25126, 1);
insert into city (id, name, code, country_id) values (468, 'CAPARRAPI', 25148, 1);
insert into city (id, name, code, country_id) values (469, 'CAQUEZA', 25151, 1);
insert into city (id, name, code, country_id) values (470, 'CARMEN DE CARUPA', 25154, 1);
insert into city (id, name, code, country_id) values (471, 'CHAGUANI', 25168, 1);
insert into city (id, name, code, country_id) values (472, 'CHIA', 25175, 1);
insert into city (id, name, code, country_id) values (473, 'CHIPAQUE', 25178, 1);
insert into city (id, name, code, country_id) values (474, 'CHOACHI', 25181, 1);
insert into city (id, name, code, country_id) values (475, 'CHOCONTA', 25183, 1);
insert into city (id, name, code, country_id) values (476, 'COGUA', 25200, 1);
insert into city (id, name, code, country_id) values (477, 'COTA', 25214, 1);
insert into city (id, name, code, country_id) values (478, 'CUCUNUBA', 25224, 1);
insert into city (id, name, code, country_id) values (479, 'EL COLEGIO', 25245, 1);
insert into city (id, name, code, country_id) values (480, 'EL PEÑON', 25258, 1);
insert into city (id, name, code, country_id) values (481, 'EL ROSAL', 25260, 1);
insert into city (id, name, code, country_id) values (482, 'FACATATIVA', 25269, 1);
insert into city (id, name, code, country_id) values (483, 'FOMEQUE', 25279, 1);
insert into city (id, name, code, country_id) values (484, 'FOSCA', 25281, 1);
insert into city (id, name, code, country_id) values (485, 'FUNZA', 25286, 1);
insert into city (id, name, code, country_id) values (486, 'FUQUENE', 25288, 1);
insert into city (id, name, code, country_id) values (487, 'FUSAGASUGA', 25290, 1);
insert into city (id, name, code, country_id) values (488, 'GACHALA', 25293, 1);
insert into city (id, name, code, country_id) values (489, 'GACHANCIPA', 25295, 1);
insert into city (id, name, code, country_id) values (490, 'GACHETA', 25297, 1);
insert into city (id, name, code, country_id) values (491, 'GAMA', 25299, 1);
insert into city (id, name, code, country_id) values (492, 'GIRARDOT', 25307, 1);
insert into city (id, name, code, country_id) values (493, 'GRANADA', 25312, 1);
insert into city (id, name, code, country_id) values (494, 'GUACHETA', 25317, 1);
insert into city (id, name, code, country_id) values (495, 'GUADUAS', 25320, 1);
insert into city (id, name, code, country_id) values (496, 'GUASCA', 25322, 1);
insert into city (id, name, code, country_id) values (497, 'GUATAQUI', 25324, 1);
insert into city (id, name, code, country_id) values (498, 'GUATAVITA', 25326, 1);
insert into city (id, name, code, country_id) values (499, 'GUAYABAL DE SIQUIMA', 25328, 1);
insert into city (id, name, code, country_id) values (500, 'GUAYABETAL', 25335, 1);
insert into city (id, name, code, country_id) values (501, 'GUTIERREZ', 25339, 1);
insert into city (id, name, code, country_id) values (502, 'JERUSALEN', 25368, 1);
insert into city (id, name, code, country_id) values (503, 'JUNIN', 25372, 1);
insert into city (id, name, code, country_id) values (504, 'LA CALERA', 25377, 1);
insert into city (id, name, code, country_id) values (505, 'LA MESA', 25386, 1);
insert into city (id, name, code, country_id) values (506, 'LA PALMA', 25394, 1);
insert into city (id, name, code, country_id) values (507, 'LA PEÑA', 25398, 1);
insert into city (id, name, code, country_id) values (508, 'LA VEGA', 25402, 1);
insert into city (id, name, code, country_id) values (509, 'LENGUAZAQUE', 25407, 1);
insert into city (id, name, code, country_id) values (510, 'MACHETA', 25426, 1);
insert into city (id, name, code, country_id) values (511, 'MADRID', 25430, 1);
insert into city (id, name, code, country_id) values (512, 'MANTA', 25436, 1);
insert into city (id, name, code, country_id) values (513, 'MEDINA', 25438, 1);
insert into city (id, name, code, country_id) values (514, 'MOSQUERA', 25473, 1);
insert into city (id, name, code, country_id) values (515, 'NARIÑO', 25483, 1);
insert into city (id, name, code, country_id) values (516, 'NEMOCON', 25486, 1);
insert into city (id, name, code, country_id) values (517, 'NILO', 25488, 1);
insert into city (id, name, code, country_id) values (518, 'NIMAIMA', 25489, 1);
insert into city (id, name, code, country_id) values (519, 'NOCAIMA', 25491, 1);
insert into city (id, name, code, country_id) values (520, 'VENECIA', 25506, 1);
insert into city (id, name, code, country_id) values (521, 'PACHO', 25513, 1);
insert into city (id, name, code, country_id) values (522, 'PAIME', 25518, 1);
insert into city (id, name, code, country_id) values (523, 'PANDI', 25524, 1);
insert into city (id, name, code, country_id) values (524, 'PARATEBUENO', 25530, 1);
insert into city (id, name, code, country_id) values (525, 'PASCA', 25535, 1);
insert into city (id, name, code, country_id) values (526, 'PUERTO SALGAR', 25572, 1);
insert into city (id, name, code, country_id) values (527, 'PULI', 25580, 1);
insert into city (id, name, code, country_id) values (528, 'QUEBRADANEGRA', 25592, 1);
insert into city (id, name, code, country_id) values (529, 'QUETAME', 25594, 1);
insert into city (id, name, code, country_id) values (530, 'QUIPILE', 25596, 1);
insert into city (id, name, code, country_id) values (531, 'APULO', 25599, 1);
insert into city (id, name, code, country_id) values (532, 'RICAURTE', 25612, 1);
insert into city (id, name, code, country_id) values (533, 'SAN ANTONIO DEL TEQUENDAMA', 25645, 1);
insert into city (id, name, code, country_id) values (534, 'SAN BERNARDO', 25649, 1);
insert into city (id, name, code, country_id) values (535, 'SAN CAYETANO', 25653, 1);
insert into city (id, name, code, country_id) values (536, 'SAN FRANCISCO', 25658, 1);
insert into city (id, name, code, country_id) values (537, 'SAN JUAN DE RIO SECO', 25662, 1);
insert into city (id, name, code, country_id) values (538, 'SASAIMA', 25718, 1);
insert into city (id, name, code, country_id) values (539, 'SESQUILE', 25736, 1);
insert into city (id, name, code, country_id) values (540, 'SIBATE', 25740, 1);
insert into city (id, name, code, country_id) values (541, 'SILVANIA', 25743, 1);
insert into city (id, name, code, country_id) values (542, 'SIMIJACA', 25745, 1);
insert into city (id, name, code, country_id) values (543, 'SOACHA', 25754, 1);
insert into city (id, name, code, country_id) values (544, 'SOPO', 25758, 1);
insert into city (id, name, code, country_id) values (545, 'SUBACHOQUE', 25769, 1);
insert into city (id, name, code, country_id) values (546, 'SUESCA', 25772, 1);
insert into city (id, name, code, country_id) values (547, 'SUPATA', 25777, 1);
insert into city (id, name, code, country_id) values (548, 'SUSA', 25779, 1);
insert into city (id, name, code, country_id) values (549, 'SUTATAUSA', 25781, 1);
insert into city (id, name, code, country_id) values (550, 'TABIO', 25785, 1);
insert into city (id, name, code, country_id) values (551, 'TAUSA', 25793, 1);
insert into city (id, name, code, country_id) values (552, 'TENA', 25797, 1);
insert into city (id, name, code, country_id) values (553, 'TENJO', 25799, 1);
insert into city (id, name, code, country_id) values (554, 'TIBACUY', 25805, 1);
insert into city (id, name, code, country_id) values (555, 'TIBIRITA', 25807, 1);
insert into city (id, name, code, country_id) values (556, 'TOCAIMA', 25815, 1);
insert into city (id, name, code, country_id) values (557, 'TOCANCIPA', 25817, 1);
insert into city (id, name, code, country_id) values (558, 'TOPAIPI', 25823, 1);
insert into city (id, name, code, country_id) values (559, 'UBALA', 25839, 1);
insert into city (id, name, code, country_id) values (560, 'UBAQUE', 25841, 1);
insert into city (id, name, code, country_id) values (561, 'VILLA DE SAN DIEGO DE UBATE', 25843, 1);
insert into city (id, name, code, country_id) values (562, 'UNE', 25845, 1);
insert into city (id, name, code, country_id) values (563, 'UTICA', 25851, 1);
insert into city (id, name, code, country_id) values (564, 'VERGARA', 25862, 1);
insert into city (id, name, code, country_id) values (565, 'VIANI', 25867, 1);
insert into city (id, name, code, country_id) values (566, 'VILLAGOMEZ', 25871, 1);
insert into city (id, name, code, country_id) values (567, 'VILLAPINZON', 25873, 1);
insert into city (id, name, code, country_id) values (568, 'VILLETA', 25875, 1);
insert into city (id, name, code, country_id) values (569, 'VIOTA', 25878, 1);
insert into city (id, name, code, country_id) values (570, 'YACOPI', 25885, 1);
insert into city (id, name, code, country_id) values (571, 'ZIPACON', 25898, 1);
insert into city (id, name, code, country_id) values (572, 'ZIPAQUIRA', 25899, 1);
insert into city (id, name, code, country_id) values (573, 'QUIBDO', 27001, 1);
insert into city (id, name, code, country_id) values (574, 'ACANDI', 27006, 1);
insert into city (id, name, code, country_id) values (575, 'ALTO BAUDO', 27025, 1);
insert into city (id, name, code, country_id) values (576, 'ATRATO', 27050, 1);
insert into city (id, name, code, country_id) values (577, 'BAGADO', 27073, 1);
insert into city (id, name, code, country_id) values (578, 'BAHIA SOLANO', 27075, 1);
insert into city (id, name, code, country_id) values (579, 'BAJO BAUDO', 27077, 1);
insert into city (id, name, code, country_id) values (580, 'BOJAYA', 27099, 1);
insert into city (id, name, code, country_id) values (581, 'EL CANTON DEL SAN PABLO', 27135, 1);
insert into city (id, name, code, country_id) values (582, 'CARMEN DEL DARIEN', 27150, 1);
insert into city (id, name, code, country_id) values (583, 'CERTEGUI', 27160, 1);
insert into city (id, name, code, country_id) values (584, 'CONDOTO', 27205, 1);
insert into city (id, name, code, country_id) values (585, 'EL CARMEN DE ATRATO', 27245, 1);
insert into city (id, name, code, country_id) values (586, 'EL LITORAL DEL SAN JUAN', 27250, 1);
insert into city (id, name, code, country_id) values (587, 'ISTMINA', 27361, 1);
insert into city (id, name, code, country_id) values (588, 'JURADO', 27372, 1);
insert into city (id, name, code, country_id) values (589, 'LLORO', 27413, 1);
insert into city (id, name, code, country_id) values (590, 'MEDIO ATRATO', 27425, 1);
insert into city (id, name, code, country_id) values (591, 'MEDIO BAUDO', 27430, 1);
insert into city (id, name, code, country_id) values (592, 'MEDIO SAN JUAN', 27450, 1);
insert into city (id, name, code, country_id) values (593, 'NOVITA', 27491, 1);
insert into city (id, name, code, country_id) values (594, 'NUQUI', 27495, 1);
insert into city (id, name, code, country_id) values (595, 'RIO IRO', 27580, 1);
insert into city (id, name, code, country_id) values (596, 'RIO QUITO', 27600, 1);
insert into city (id, name, code, country_id) values (597, 'RIOSUCIO', 27615, 1);
insert into city (id, name, code, country_id) values (598, 'SAN JOSE DEL PALMAR', 27660, 1);
insert into city (id, name, code, country_id) values (599, 'SIPI', 27745, 1);
insert into city (id, name, code, country_id) values (600, 'TADO', 27787, 1);
insert into city (id, name, code, country_id) values (601, 'UNGUIA', 27800, 1);
insert into city (id, name, code, country_id) values (602, 'UNION PANAMERICANA', 27810, 1);
insert into city (id, name, code, country_id) values (603, 'NEIVA', 41001, 1);
insert into city (id, name, code, country_id) values (604, 'ACEVEDO', 41006, 1);
insert into city (id, name, code, country_id) values (605, 'AGRADO', 41013, 1);
insert into city (id, name, code, country_id) values (606, 'AIPE', 41016, 1);
insert into city (id, name, code, country_id) values (607, 'ALGECIRAS', 41020, 1);
insert into city (id, name, code, country_id) values (608, 'ALTAMIRA', 41026, 1);
insert into city (id, name, code, country_id) values (609, 'BARAYA', 41078, 1);
insert into city (id, name, code, country_id) values (610, 'CAMPOALEGRE', 41132, 1);
insert into city (id, name, code, country_id) values (611, 'COLOMBIA', 41206, 1);
insert into city (id, name, code, country_id) values (612, 'ELIAS', 41244, 1);
insert into city (id, name, code, country_id) values (613, 'GARZON', 41298, 1);
insert into city (id, name, code, country_id) values (614, 'GIGANTE', 41306, 1);
insert into city (id, name, code, country_id) values (615, 'GUADALUPE', 41319, 1);
insert into city (id, name, code, country_id) values (616, 'HOBO', 41349, 1);
insert into city (id, name, code, country_id) values (617, 'IQUIRA', 41357, 1);
insert into city (id, name, code, country_id) values (618, 'ISNOS', 41359, 1);
insert into city (id, name, code, country_id) values (619, 'LA ARGENTINA', 41378, 1);
insert into city (id, name, code, country_id) values (620, 'LA PLATA', 41396, 1);
insert into city (id, name, code, country_id) values (621, 'NATAGA', 41483, 1);
insert into city (id, name, code, country_id) values (622, 'OPORAPA', 41503, 1);
insert into city (id, name, code, country_id) values (623, 'PAICOL', 41518, 1);
insert into city (id, name, code, country_id) values (624, 'PALERMO', 41524, 1);
insert into city (id, name, code, country_id) values (625, 'PALESTINA', 41530, 1);
insert into city (id, name, code, country_id) values (626, 'PITAL', 41548, 1);
insert into city (id, name, code, country_id) values (627, 'PITALITO', 41551, 1);
insert into city (id, name, code, country_id) values (628, 'RIVERA', 41615, 1);
insert into city (id, name, code, country_id) values (629, 'SALADOBLANCO', 41660, 1);
insert into city (id, name, code, country_id) values (630, 'SAN AGUSTIN', 41668, 1);
insert into city (id, name, code, country_id) values (631, 'SANTA MARIA', 41676, 1);
insert into city (id, name, code, country_id) values (632, 'SUAZA', 41770, 1);
insert into city (id, name, code, country_id) values (633, 'TARQUI', 41791, 1);
insert into city (id, name, code, country_id) values (634, 'TESALIA', 41797, 1);
insert into city (id, name, code, country_id) values (635, 'TELLO', 41799, 1);
insert into city (id, name, code, country_id) values (636, 'TERUEL', 41801, 1);
insert into city (id, name, code, country_id) values (637, 'TIMANA', 41807, 1);
insert into city (id, name, code, country_id) values (638, 'VILLAVIEJA', 41872, 1);
insert into city (id, name, code, country_id) values (639, 'YAGUARA', 41885, 1);
insert into city (id, name, code, country_id) values (640, 'RIOHACHA', 44001, 1);
insert into city (id, name, code, country_id) values (641, 'ALBANIA', 44035, 1);
insert into city (id, name, code, country_id) values (642, 'BARRANCAS', 44078, 1);
insert into city (id, name, code, country_id) values (643, 'DIBULLA', 44090, 1);
insert into city (id, name, code, country_id) values (644, 'DISTRACCION', 44098, 1);
insert into city (id, name, code, country_id) values (645, 'EL MOLINO', 44110, 1);
insert into city (id, name, code, country_id) values (646, 'FONSECA', 44279, 1);
insert into city (id, name, code, country_id) values (647, 'HATONUEVO', 44378, 1);
insert into city (id, name, code, country_id) values (648, 'LA JAGUA DEL PILAR', 44420, 1);
insert into city (id, name, code, country_id) values (649, 'MAICAO', 44430, 1);
insert into city (id, name, code, country_id) values (650, 'MANAURE', 44560, 1);
insert into city (id, name, code, country_id) values (651, 'SAN JUAN DEL CESAR', 44650, 1);
insert into city (id, name, code, country_id) values (652, 'URIBIA', 44847, 1);
insert into city (id, name, code, country_id) values (653, 'URUMITA', 44855, 1);
insert into city (id, name, code, country_id) values (654, 'VILLANUEVA', 44874, 1);
insert into city (id, name, code, country_id) values (655, 'SANTA MARTA', 47001, 1);
insert into city (id, name, code, country_id) values (656, 'ALGARROBO', 47030, 1);
insert into city (id, name, code, country_id) values (657, 'ARACATACA', 47053, 1);
insert into city (id, name, code, country_id) values (658, 'ARIGUANI', 47058, 1);
insert into city (id, name, code, country_id) values (659, 'CERRO SAN ANTONIO', 47161, 1);
insert into city (id, name, code, country_id) values (660, 'CHIBOLO', 47170, 1);
insert into city (id, name, code, country_id) values (661, 'CIENAGA', 47189, 1);
insert into city (id, name, code, country_id) values (662, 'CONCORDIA', 47205, 1);
insert into city (id, name, code, country_id) values (663, 'EL BANCO', 47245, 1);
insert into city (id, name, code, country_id) values (664, 'EL PIÑON', 47258, 1);
insert into city (id, name, code, country_id) values (665, 'EL RETEN', 47268, 1);
insert into city (id, name, code, country_id) values (666, 'FUNDACION', 47288, 1);
insert into city (id, name, code, country_id) values (667, 'GUAMAL', 47318, 1);
insert into city (id, name, code, country_id) values (668, 'NUEVA GRANADA', 47460, 1);
insert into city (id, name, code, country_id) values (669, 'PEDRAZA', 47541, 1);
insert into city (id, name, code, country_id) values (670, 'PIJIÑO DEL CARMEN', 47545, 1);
insert into city (id, name, code, country_id) values (671, 'PIVIJAY', 47551, 1);
insert into city (id, name, code, country_id) values (672, 'PLATO', 47555, 1);
insert into city (id, name, code, country_id) values (673, 'PUEBLOVIEJO', 47570, 1);
insert into city (id, name, code, country_id) values (674, 'REMOLINO', 47605, 1);
insert into city (id, name, code, country_id) values (675, 'SABANAS DE SAN ANGEL', 47660, 1);
insert into city (id, name, code, country_id) values (676, 'SALAMINA', 47675, 1);
insert into city (id, name, code, country_id) values (677, 'SAN SEBASTIAN DE BUENAVISTA', 47692, 1);
insert into city (id, name, code, country_id) values (678, 'SAN ZENON', 47703, 1);
insert into city (id, name, code, country_id) values (679, 'SANTA ANA', 47707, 1);
insert into city (id, name, code, country_id) values (680, 'SANTA BARBARA DE PINTO', 47720, 1);
insert into city (id, name, code, country_id) values (681, 'SITIONUEVO', 47745, 1);
insert into city (id, name, code, country_id) values (682, 'TENERIFE', 47798, 1);
insert into city (id, name, code, country_id) values (683, 'ZAPAYAN', 47960, 1);
insert into city (id, name, code, country_id) values (684, 'ZONA BANANERA', 47980, 1);
insert into city (id, name, code, country_id) values (685, 'VILLAVICENCIO', 50001, 1);
insert into city (id, name, code, country_id) values (686, 'ACACIAS', 50006, 1);
insert into city (id, name, code, country_id) values (687, 'BARRANCA DE UPIA', 50110, 1);
insert into city (id, name, code, country_id) values (688, 'CABUYARO', 50124, 1);
insert into city (id, name, code, country_id) values (689, 'CASTILLA LA NUEVA', 50150, 1);
insert into city (id, name, code, country_id) values (690, 'CUBARRAL', 50223, 1);
insert into city (id, name, code, country_id) values (691, 'CUMARAL', 50226, 1);
insert into city (id, name, code, country_id) values (692, 'EL CALVARIO', 50245, 1);
insert into city (id, name, code, country_id) values (693, 'EL CASTILLO', 50251, 1);
insert into city (id, name, code, country_id) values (694, 'EL DORADO', 50270, 1);
insert into city (id, name, code, country_id) values (695, 'FUENTE DE ORO', 50287, 1);
insert into city (id, name, code, country_id) values (696, 'GRANADA', 50313, 1);
insert into city (id, name, code, country_id) values (697, 'GUAMAL', 50318, 1);
insert into city (id, name, code, country_id) values (698, 'MAPIRIPAN', 50325, 1);
insert into city (id, name, code, country_id) values (699, 'MESETAS', 50330, 1);
insert into city (id, name, code, country_id) values (700, 'LA MACARENA', 50350, 1);
insert into city (id, name, code, country_id) values (701, 'URIBE', 50370, 1);
insert into city (id, name, code, country_id) values (702, 'LEJANIAS', 50400, 1);
insert into city (id, name, code, country_id) values (703, 'PUERTO CONCORDIA', 50450, 1);
insert into city (id, name, code, country_id) values (704, 'PUERTO GAITAN', 50568, 1);
insert into city (id, name, code, country_id) values (705, 'PUERTO LOPEZ', 50573, 1);
insert into city (id, name, code, country_id) values (706, 'PUERTO LLERAS', 50577, 1);
insert into city (id, name, code, country_id) values (707, 'PUERTO RICO', 50590, 1);
insert into city (id, name, code, country_id) values (708, 'RESTREPO', 50606, 1);
insert into city (id, name, code, country_id) values (709, 'SAN CARLOS DE GUAROA', 50680, 1);
insert into city (id, name, code, country_id) values (710, 'SAN JUAN DE ARAMA', 50683, 1);
insert into city (id, name, code, country_id) values (711, 'SAN JUANITO', 50686, 1);
insert into city (id, name, code, country_id) values (712, 'SAN MARTIN', 50689, 1);
insert into city (id, name, code, country_id) values (713, 'VISTAHERMOSA', 50711, 1);
insert into city (id, name, code, country_id) values (714, 'PASTO', 52001, 1);
insert into city (id, name, code, country_id) values (715, 'ALBAN', 52019, 1);
insert into city (id, name, code, country_id) values (716, 'ALDANA', 52022, 1);
insert into city (id, name, code, country_id) values (717, 'ANCUYA', 52036, 1);
insert into city (id, name, code, country_id) values (718, 'ARBOLEDA', 52051, 1);
insert into city (id, name, code, country_id) values (719, 'BARBACOAS', 52079, 1);
insert into city (id, name, code, country_id) values (720, 'BELEN', 52083, 1);
insert into city (id, name, code, country_id) values (721, 'BUESACO', 52110, 1);
insert into city (id, name, code, country_id) values (722, 'COLON', 52203, 1);
insert into city (id, name, code, country_id) values (723, 'CONSACA', 52207, 1);
insert into city (id, name, code, country_id) values (724, 'CONTADERO', 52210, 1);
insert into city (id, name, code, country_id) values (725, 'CORDOBA', 52215, 1);
insert into city (id, name, code, country_id) values (726, 'CUASPUD', 52224, 1);
insert into city (id, name, code, country_id) values (727, 'CUMBAL', 52227, 1);
insert into city (id, name, code, country_id) values (728, 'CUMBITARA', 52233, 1);
insert into city (id, name, code, country_id) values (729, 'CHACHAGsI', 52240, 1);
insert into city (id, name, code, country_id) values (730, 'EL CHARCO', 52250, 1);
insert into city (id, name, code, country_id) values (731, 'EL PEÑOL', 52254, 1);
insert into city (id, name, code, country_id) values (732, 'EL ROSARIO', 52256, 1);
insert into city (id, name, code, country_id) values (733, 'EL TABLON DE GOMEZ', 52258, 1);
insert into city (id, name, code, country_id) values (734, 'EL TAMBO', 52260, 1);
insert into city (id, name, code, country_id) values (735, 'FUNES', 52287, 1);
insert into city (id, name, code, country_id) values (736, 'GUACHUCAL', 52317, 1);
insert into city (id, name, code, country_id) values (737, 'GUAITARILLA', 52320, 1);
insert into city (id, name, code, country_id) values (738, 'GUALMATAN', 52323, 1);
insert into city (id, name, code, country_id) values (739, 'ILES', 52352, 1);
insert into city (id, name, code, country_id) values (740, 'IMUES', 52354, 1);
insert into city (id, name, code, country_id) values (741, 'IPIALES', 52356, 1);
insert into city (id, name, code, country_id) values (742, 'LA CRUZ', 52378, 1);
insert into city (id, name, code, country_id) values (743, 'LA FLORIDA', 52381, 1);
insert into city (id, name, code, country_id) values (744, 'LA LLANADA', 52385, 1);
insert into city (id, name, code, country_id) values (745, 'LA TOLA', 52390, 1);
insert into city (id, name, code, country_id) values (746, 'LA UNION', 52399, 1);
insert into city (id, name, code, country_id) values (747, 'LEIVA', 52405, 1);
insert into city (id, name, code, country_id) values (748, 'LINARES', 52411, 1);
insert into city (id, name, code, country_id) values (749, 'LOS ANDES', 52418, 1);
insert into city (id, name, code, country_id) values (750, 'MAGsI', 52427, 1);
insert into city (id, name, code, country_id) values (751, 'MALLAMA', 52435, 1);
insert into city (id, name, code, country_id) values (752, 'MOSQUERA', 52473, 1);
insert into city (id, name, code, country_id) values (753, 'NARIÑO', 52480, 1);
insert into city (id, name, code, country_id) values (754, 'OLAYA HERRERA', 52490, 1);
insert into city (id, name, code, country_id) values (755, 'OSPINA', 52506, 1);
insert into city (id, name, code, country_id) values (756, 'FRANCISCO PIZARRO', 52520, 1);
insert into city (id, name, code, country_id) values (757, 'POLICARPA', 52540, 1);
insert into city (id, name, code, country_id) values (758, 'POTOSI', 52560, 1);
insert into city (id, name, code, country_id) values (759, 'PROVIDENCIA', 52565, 1);
insert into city (id, name, code, country_id) values (760, 'PUERRES', 52573, 1);
insert into city (id, name, code, country_id) values (761, 'PUPIALES', 52585, 1);
insert into city (id, name, code, country_id) values (762, 'RICAURTE', 52612, 1);
insert into city (id, name, code, country_id) values (763, 'ROBERTO PAYAN', 52621, 1);
insert into city (id, name, code, country_id) values (764, 'SAMANIEGO', 52678, 1);
insert into city (id, name, code, country_id) values (765, 'SANDONA', 52683, 1);
insert into city (id, name, code, country_id) values (766, 'SAN BERNARDO', 52685, 1);
insert into city (id, name, code, country_id) values (767, 'SAN LORENZO', 52687, 1);
insert into city (id, name, code, country_id) values (768, 'SAN PABLO', 52693, 1);
insert into city (id, name, code, country_id) values (769, 'SAN PEDRO DE CARTAGO', 52694, 1);
insert into city (id, name, code, country_id) values (770, 'SANTA BARBARA', 52696, 1);
insert into city (id, name, code, country_id) values (771, 'SANTACRUZ', 52699, 1);
insert into city (id, name, code, country_id) values (772, 'SAPUYES', 52720, 1);
insert into city (id, name, code, country_id) values (773, 'TAMINANGO', 52786, 1);
insert into city (id, name, code, country_id) values (774, 'TANGUA', 52788, 1);
insert into city (id, name, code, country_id) values (775, 'SAN ANDRES DE TUMACO', 52835, 1);
insert into city (id, name, code, country_id) values (776, 'TUQUERRES', 52838, 1);
insert into city (id, name, code, country_id) values (777, 'YACUANQUER', 52885, 1);
insert into city (id, name, code, country_id) values (778, 'CUCUTA', 54001, 1);
insert into city (id, name, code, country_id) values (779, 'ABREGO', 54003, 1);
insert into city (id, name, code, country_id) values (780, 'ARBOLEDAS', 54051, 1);
insert into city (id, name, code, country_id) values (781, 'BOCHALEMA', 54099, 1);
insert into city (id, name, code, country_id) values (782, 'BUCARASICA', 54109, 1);
insert into city (id, name, code, country_id) values (783, 'CACOTA', 54125, 1);
insert into city (id, name, code, country_id) values (784, 'CACHIRA', 54128, 1);
insert into city (id, name, code, country_id) values (785, 'CHINACOTA', 54172, 1);
insert into city (id, name, code, country_id) values (786, 'CHITAGA', 54174, 1);
insert into city (id, name, code, country_id) values (787, 'CONVENCION', 54206, 1);
insert into city (id, name, code, country_id) values (788, 'CUCUTILLA', 54223, 1);
insert into city (id, name, code, country_id) values (789, 'DURANIA', 54239, 1);
insert into city (id, name, code, country_id) values (790, 'EL CARMEN', 54245, 1);
insert into city (id, name, code, country_id) values (791, 'EL TARRA', 54250, 1);
insert into city (id, name, code, country_id) values (792, 'EL ZULIA', 54261, 1);
insert into city (id, name, code, country_id) values (793, 'GRAMALOTE', 54313, 1);
insert into city (id, name, code, country_id) values (794, 'HACARI', 54344, 1);
insert into city (id, name, code, country_id) values (795, 'HERRAN', 54347, 1);
insert into city (id, name, code, country_id) values (796, 'LABATECA', 54377, 1);
insert into city (id, name, code, country_id) values (797, 'LA ESPERANZA', 54385, 1);
insert into city (id, name, code, country_id) values (798, 'LA PLAYA', 54398, 1);
insert into city (id, name, code, country_id) values (799, 'LOS PATIOS', 54405, 1);
insert into city (id, name, code, country_id) values (800, 'LOURDES', 54418, 1);
insert into city (id, name, code, country_id) values (801, 'MUTISCUA', 54480, 1);
insert into city (id, name, code, country_id) values (802, 'OCAÑA', 54498, 1);
insert into city (id, name, code, country_id) values (803, 'PAMPLONA', 54518, 1);
insert into city (id, name, code, country_id) values (804, 'PAMPLONITA', 54520, 1);
insert into city (id, name, code, country_id) values (805, 'PUERTO SANTANDER', 54553, 1);
insert into city (id, name, code, country_id) values (806, 'RAGONVALIA', 54599, 1);
insert into city (id, name, code, country_id) values (807, 'SALAZAR', 54660, 1);
insert into city (id, name, code, country_id) values (808, 'SAN CALIXTO', 54670, 1);
insert into city (id, name, code, country_id) values (809, 'SAN CAYETANO', 54673, 1);
insert into city (id, name, code, country_id) values (810, 'SANTIAGO', 54680, 1);
insert into city (id, name, code, country_id) values (811, 'SARDINATA', 54720, 1);
insert into city (id, name, code, country_id) values (812, 'SILOS', 54743, 1);
insert into city (id, name, code, country_id) values (813, 'TEORAMA', 54800, 1);
insert into city (id, name, code, country_id) values (814, 'TIBU', 54810, 1);
insert into city (id, name, code, country_id) values (815, 'TOLEDO', 54820, 1);
insert into city (id, name, code, country_id) values (816, 'VILLA CARO', 54871, 1);
insert into city (id, name, code, country_id) values (817, 'VILLA DEL ROSARIO', 54874, 1);
insert into city (id, name, code, country_id) values (818, 'ARMENIA', 63001, 1);
insert into city (id, name, code, country_id) values (819, 'BUENAVISTA', 63111, 1);
insert into city (id, name, code, country_id) values (820, 'CALARCA', 63130, 1);
insert into city (id, name, code, country_id) values (821, 'CIRCASIA', 63190, 1);
insert into city (id, name, code, country_id) values (822, 'CORDOBA', 63212, 1);
insert into city (id, name, code, country_id) values (823, 'FILANDIA', 63272, 1);
insert into city (id, name, code, country_id) values (824, 'GENOVA', 63302, 1);
insert into city (id, name, code, country_id) values (825, 'LA TEBAIDA', 63401, 1);
insert into city (id, name, code, country_id) values (826, 'MONTENEGRO', 63470, 1);
insert into city (id, name, code, country_id) values (827, 'PIJAO', 63548, 1);
insert into city (id, name, code, country_id) values (828, 'QUIMBAYA', 63594, 1);
insert into city (id, name, code, country_id) values (829, 'SALENTO', 63690, 1);
insert into city (id, name, code, country_id) values (830, 'PEREIRA', 66001, 1);
insert into city (id, name, code, country_id) values (831, 'APIA', 66045, 1);
insert into city (id, name, code, country_id) values (832, 'BALBOA', 66075, 1);
insert into city (id, name, code, country_id) values (833, 'BELEN DE UMBRIA', 66088, 1);
insert into city (id, name, code, country_id) values (834, 'DOSQUEBRADAS', 66170, 1);
insert into city (id, name, code, country_id) values (835, 'GUATICA', 66318, 1);
insert into city (id, name, code, country_id) values (836, 'LA CELIA', 66383, 1);
insert into city (id, name, code, country_id) values (837, 'LA VIRGINIA', 66400, 1);
insert into city (id, name, code, country_id) values (838, 'MARSELLA', 66440, 1);
insert into city (id, name, code, country_id) values (839, 'MISTRATO', 66456, 1);
insert into city (id, name, code, country_id) values (840, 'PUEBLO RICO', 66572, 1);
insert into city (id, name, code, country_id) values (841, 'QUINCHIA', 66594, 1);
insert into city (id, name, code, country_id) values (842, 'SANTA ROSA DE CABAL', 66682, 1);
insert into city (id, name, code, country_id) values (843, 'SANTUARIO', 66687, 1);
insert into city (id, name, code, country_id) values (844, 'BUCARAMANGA', 68001, 1);
insert into city (id, name, code, country_id) values (845, 'AGUADA', 68013, 1);
insert into city (id, name, code, country_id) values (846, 'ALBANIA', 68020, 1);
insert into city (id, name, code, country_id) values (847, 'ARATOCA', 68051, 1);
insert into city (id, name, code, country_id) values (848, 'BARBOSA', 68077, 1);
insert into city (id, name, code, country_id) values (849, 'BARICHARA', 68079, 1);
insert into city (id, name, code, country_id) values (850, 'BARRANCABERMEJA', 68081, 1);
insert into city (id, name, code, country_id) values (851, 'BETULIA', 68092, 1);
insert into city (id, name, code, country_id) values (852, 'BOLIVAR', 68101, 1);
insert into city (id, name, code, country_id) values (853, 'CABRERA', 68121, 1);
insert into city (id, name, code, country_id) values (854, 'CALIFORNIA', 68132, 1);
insert into city (id, name, code, country_id) values (855, 'CAPITANEJO', 68147, 1);
insert into city (id, name, code, country_id) values (856, 'CARCASI', 68152, 1);
insert into city (id, name, code, country_id) values (857, 'CEPITA', 68160, 1);
insert into city (id, name, code, country_id) values (858, 'CERRITO', 68162, 1);
insert into city (id, name, code, country_id) values (859, 'CHARALA', 68167, 1);
insert into city (id, name, code, country_id) values (860, 'CHARTA', 68169, 1);
insert into city (id, name, code, country_id) values (861, 'CHIMA', 68176, 1);
insert into city (id, name, code, country_id) values (862, 'CHIPATA', 68179, 1);
insert into city (id, name, code, country_id) values (863, 'CIMITARRA', 68190, 1);
insert into city (id, name, code, country_id) values (864, 'CONCEPCION', 68207, 1);
insert into city (id, name, code, country_id) values (865, 'CONFINES', 68209, 1);
insert into city (id, name, code, country_id) values (866, 'CONTRATACION', 68211, 1);
insert into city (id, name, code, country_id) values (867, 'COROMORO', 68217, 1);
insert into city (id, name, code, country_id) values (868, 'CURITI', 68229, 1);
insert into city (id, name, code, country_id) values (869, 'EL CARMEN DE CHUCURI', 68235, 1);
insert into city (id, name, code, country_id) values (870, 'EL GUACAMAYO', 68245, 1);
insert into city (id, name, code, country_id) values (871, 'EL PEÑON', 68250, 1);
insert into city (id, name, code, country_id) values (872, 'EL PLAYON', 68255, 1);
insert into city (id, name, code, country_id) values (873, 'ENCINO', 68264, 1);
insert into city (id, name, code, country_id) values (874, 'ENCISO', 68266, 1);
insert into city (id, name, code, country_id) values (875, 'FLORIAN', 68271, 1);
insert into city (id, name, code, country_id) values (876, 'FLORIDABLANCA', 68276, 1);
insert into city (id, name, code, country_id) values (877, 'GALAN', 68296, 1);
insert into city (id, name, code, country_id) values (878, 'GAMBITA', 68298, 1);
insert into city (id, name, code, country_id) values (879, 'GIRON', 68307, 1);
insert into city (id, name, code, country_id) values (880, 'GUACA', 68318, 1);
insert into city (id, name, code, country_id) values (881, 'GUADALUPE', 68320, 1);
insert into city (id, name, code, country_id) values (882, 'GUAPOTA', 68322, 1);
insert into city (id, name, code, country_id) values (883, 'GUAVATA', 68324, 1);
insert into city (id, name, code, country_id) values (884, 'GsEPSA', 68327, 1);
insert into city (id, name, code, country_id) values (885, 'HATO', 68344, 1);
insert into city (id, name, code, country_id) values (886, 'JESUS MARIA', 68368, 1);
insert into city (id, name, code, country_id) values (887, 'JORDAN', 68370, 1);
insert into city (id, name, code, country_id) values (888, 'LA BELLEZA', 68377, 1);
insert into city (id, name, code, country_id) values (889, 'LANDAZURI', 68385, 1);
insert into city (id, name, code, country_id) values (890, 'LA PAZ', 68397, 1);
insert into city (id, name, code, country_id) values (891, 'LEBRIJA', 68406, 1);
insert into city (id, name, code, country_id) values (892, 'LOS SANTOS', 68418, 1);
insert into city (id, name, code, country_id) values (893, 'MACARAVITA', 68425, 1);
insert into city (id, name, code, country_id) values (894, 'MALAGA', 68432, 1);
insert into city (id, name, code, country_id) values (895, 'MATANZA', 68444, 1);
insert into city (id, name, code, country_id) values (896, 'MOGOTES', 68464, 1);
insert into city (id, name, code, country_id) values (897, 'MOLAGAVITA', 68468, 1);
insert into city (id, name, code, country_id) values (898, 'OCAMONTE', 68498, 1);
insert into city (id, name, code, country_id) values (899, 'OIBA', 68500, 1);
insert into city (id, name, code, country_id) values (900, 'ONZAGA', 68502, 1);
insert into city (id, name, code, country_id) values (901, 'PALMAR', 68522, 1);
insert into city (id, name, code, country_id) values (902, 'PALMAS DEL SOCORRO', 68524, 1);
insert into city (id, name, code, country_id) values (903, 'PARAMO', 68533, 1);
insert into city (id, name, code, country_id) values (904, 'PIEDECUESTA', 68547, 1);
insert into city (id, name, code, country_id) values (905, 'PINCHOTE', 68549, 1);
insert into city (id, name, code, country_id) values (906, 'PUENTE NACIONAL', 68572, 1);
insert into city (id, name, code, country_id) values (907, 'PUERTO PARRA', 68573, 1);
insert into city (id, name, code, country_id) values (908, 'PUERTO WILCHES', 68575, 1);
insert into city (id, name, code, country_id) values (909, 'RIONEGRO', 68615, 1);
insert into city (id, name, code, country_id) values (910, 'SABANA DE TORRES', 68655, 1);
insert into city (id, name, code, country_id) values (911, 'SAN ANDRES', 68669, 1);
insert into city (id, name, code, country_id) values (912, 'SAN BENITO', 68673, 1);
insert into city (id, name, code, country_id) values (913, 'SAN GIL', 68679, 1);
insert into city (id, name, code, country_id) values (914, 'SAN JOAQUIN', 68682, 1);
insert into city (id, name, code, country_id) values (915, 'SAN JOSE DE MIRANDA', 68684, 1);
insert into city (id, name, code, country_id) values (916, 'SAN MIGUEL', 68686, 1);
insert into city (id, name, code, country_id) values (917, 'SAN VICENTE DE CHUCURI', 68689, 1);
insert into city (id, name, code, country_id) values (918, 'SANTA BARBARA', 68705, 1);
insert into city (id, name, code, country_id) values (919, 'SANTA HELENA DEL OPON', 68720, 1);
insert into city (id, name, code, country_id) values (920, 'SIMACOTA', 68745, 1);
insert into city (id, name, code, country_id) values (921, 'SOCORRO', 68755, 1);
insert into city (id, name, code, country_id) values (922, 'SUAITA', 68770, 1);
insert into city (id, name, code, country_id) values (923, 'SUCRE', 68773, 1);
insert into city (id, name, code, country_id) values (924, 'SURATA', 68780, 1);
insert into city (id, name, code, country_id) values (925, 'TONA', 68820, 1);
insert into city (id, name, code, country_id) values (926, 'VALLE DE SAN JOSE', 68855, 1);
insert into city (id, name, code, country_id) values (927, 'VELEZ', 68861, 1);
insert into city (id, name, code, country_id) values (928, 'VETAS', 68867, 1);
insert into city (id, name, code, country_id) values (929, 'VILLANUEVA', 68872, 1);
insert into city (id, name, code, country_id) values (930, 'ZAPATOCA', 68895, 1);
insert into city (id, name, code, country_id) values (931, 'SINCELEJO', 70001, 1);
insert into city (id, name, code, country_id) values (932, 'BUENAVISTA', 70110, 1);
insert into city (id, name, code, country_id) values (933, 'CAIMITO', 70124, 1);
insert into city (id, name, code, country_id) values (934, 'COLOSO', 70204, 1);
insert into city (id, name, code, country_id) values (935, 'COROZAL', 70215, 1);
insert into city (id, name, code, country_id) values (936, 'COVEÑAS', 70221, 1);
insert into city (id, name, code, country_id) values (937, 'CHALAN', 70230, 1);
insert into city (id, name, code, country_id) values (938, 'EL ROBLE', 70233, 1);
insert into city (id, name, code, country_id) values (939, 'GALERAS', 70235, 1);
insert into city (id, name, code, country_id) values (940, 'GUARANDA', 70265, 1);
insert into city (id, name, code, country_id) values (941, 'LA UNION', 70400, 1);
insert into city (id, name, code, country_id) values (942, 'LOS PALMITOS', 70418, 1);
insert into city (id, name, code, country_id) values (943, 'MAJAGUAL', 70429, 1);
insert into city (id, name, code, country_id) values (944, 'MORROA', 70473, 1);
insert into city (id, name, code, country_id) values (945, 'OVEJAS', 70508, 1);
insert into city (id, name, code, country_id) values (946, 'PALMITO', 70523, 1);
insert into city (id, name, code, country_id) values (947, 'SAMPUES', 70670, 1);
insert into city (id, name, code, country_id) values (948, 'SAN BENITO ABAD', 70678, 1);
insert into city (id, name, code, country_id) values (949, 'SAN JUAN DE BETULIA', 70702, 1);
insert into city (id, name, code, country_id) values (950, 'SAN MARCOS', 70708, 1);
insert into city (id, name, code, country_id) values (951, 'SAN ONOFRE', 70713, 1);
insert into city (id, name, code, country_id) values (952, 'SAN PEDRO', 70717, 1);
insert into city (id, name, code, country_id) values (953, 'SAN LUIS DE SINCE', 70742, 1);
insert into city (id, name, code, country_id) values (954, 'SUCRE', 70771, 1);
insert into city (id, name, code, country_id) values (955, 'SANTIAGO DE TOLU', 70820, 1);
insert into city (id, name, code, country_id) values (956, 'TOLU VIEJO', 70823, 1);
insert into city (id, name, code, country_id) values (957, 'IBAGUE', 73001, 1);
insert into city (id, name, code, country_id) values (958, 'ALPUJARRA', 73024, 1);
insert into city (id, name, code, country_id) values (959, 'ALVARADO', 73026, 1);
insert into city (id, name, code, country_id) values (960, 'AMBALEMA', 73030, 1);
insert into city (id, name, code, country_id) values (961, 'ANZOATEGUI', 73043, 1);
insert into city (id, name, code, country_id) values (962, 'ARMERO', 73055, 1);
insert into city (id, name, code, country_id) values (963, 'ATACO', 73067, 1);
insert into city (id, name, code, country_id) values (964, 'CAJAMARCA', 73124, 1);
insert into city (id, name, code, country_id) values (965, 'CARMEN DE APICALA', 73148, 1);
insert into city (id, name, code, country_id) values (966, 'CASABIANCA', 73152, 1);
insert into city (id, name, code, country_id) values (967, 'CHAPARRAL', 73168, 1);
insert into city (id, name, code, country_id) values (968, 'COELLO', 73200, 1);
insert into city (id, name, code, country_id) values (969, 'COYAIMA', 73217, 1);
insert into city (id, name, code, country_id) values (970, 'CUNDAY', 73226, 1);
insert into city (id, name, code, country_id) values (971, 'DOLORES', 73236, 1);
insert into city (id, name, code, country_id) values (972, 'ESPINAL', 73268, 1);
insert into city (id, name, code, country_id) values (973, 'FALAN', 73270, 1);
insert into city (id, name, code, country_id) values (974, 'FLANDES', 73275, 1);
insert into city (id, name, code, country_id) values (975, 'FRESNO', 73283, 1);
insert into city (id, name, code, country_id) values (976, 'GUAMO', 73319, 1);
insert into city (id, name, code, country_id) values (977, 'HERVEO', 73347, 1);
insert into city (id, name, code, country_id) values (978, 'HONDA', 73349, 1);
insert into city (id, name, code, country_id) values (979, 'ICONONZO', 73352, 1);
insert into city (id, name, code, country_id) values (980, 'LERIDA', 73408, 1);
insert into city (id, name, code, country_id) values (981, 'LIBANO', 73411, 1);
insert into city (id, name, code, country_id) values (982, 'MARIQUITA', 73443, 1);
insert into city (id, name, code, country_id) values (983, 'MELGAR', 73449, 1);
insert into city (id, name, code, country_id) values (984, 'MURILLO', 73461, 1);
insert into city (id, name, code, country_id) values (985, 'NATAGAIMA', 73483, 1);
insert into city (id, name, code, country_id) values (986, 'ORTEGA', 73504, 1);
insert into city (id, name, code, country_id) values (987, 'PALOCABILDO', 73520, 1);
insert into city (id, name, code, country_id) values (988, 'PIEDRAS', 73547, 1);
insert into city (id, name, code, country_id) values (989, 'PLANADAS', 73555, 1);
insert into city (id, name, code, country_id) values (990, 'PRADO', 73563, 1);
insert into city (id, name, code, country_id) values (991, 'PURIFICACION', 73585, 1);
insert into city (id, name, code, country_id) values (992, 'RIOBLANCO', 73616, 1);
insert into city (id, name, code, country_id) values (993, 'RONCESVALLES', 73622, 1);
insert into city (id, name, code, country_id) values (994, 'ROVIRA', 73624, 1);
insert into city (id, name, code, country_id) values (995, 'SALDAÑA', 73671, 1);
insert into city (id, name, code, country_id) values (996, 'SAN ANTONIO', 73675, 1);
insert into city (id, name, code, country_id) values (997, 'SAN LUIS', 73678, 1);
insert into city (id, name, code, country_id) values (998, 'SANTA ISABEL', 73686, 1);
insert into city (id, name, code, country_id) values (999, 'SUAREZ', 73770, 1);
insert into city (id, name, code, country_id) values (1000, 'VALLE DE SAN JUAN', 73854, 1);
insert into city (id, name, code, country_id) values (1001, 'VENADILLO', 73861, 1);
insert into city (id, name, code, country_id) values (1002, 'VILLAHERMOSA', 73870, 1);
insert into city (id, name, code, country_id) values (1003, 'VILLARRICA', 73873, 1);
insert into city (id, name, code, country_id) values (1004, 'CALI', 76001, 1);
insert into city (id, name, code, country_id) values (1005, 'ALCALA', 76020, 1);
insert into city (id, name, code, country_id) values (1006, 'ANDALUCIA', 76036, 1);
insert into city (id, name, code, country_id) values (1007, 'ANSERMANUEVO', 76041, 1);
insert into city (id, name, code, country_id) values (1008, 'ARGELIA', 76054, 1);
insert into city (id, name, code, country_id) values (1009, 'BOLIVAR', 76100, 1);
insert into city (id, name, code, country_id) values (1010, 'BUENAVENTURA', 76109, 1);
insert into city (id, name, code, country_id) values (1011, 'GUADALAJARA DE BUGA', 76111, 1);
insert into city (id, name, code, country_id) values (1012, 'BUGALAGRANDE', 76113, 1);
insert into city (id, name, code, country_id) values (1013, 'CAICEDONIA', 76122, 1);
insert into city (id, name, code, country_id) values (1014, 'CALIMA', 76126, 1);
insert into city (id, name, code, country_id) values (1015, 'CANDELARIA', 76130, 1);
insert into city (id, name, code, country_id) values (1016, 'CARTAGO', 76147, 1);
insert into city (id, name, code, country_id) values (1017, 'DAGUA', 76233, 1);
insert into city (id, name, code, country_id) values (1018, 'EL AGUILA', 76243, 1);
insert into city (id, name, code, country_id) values (1019, 'EL CAIRO', 76246, 1);
insert into city (id, name, code, country_id) values (1020, 'EL CERRITO', 76248, 1);
insert into city (id, name, code, country_id) values (1021, 'EL DOVIO', 76250, 1);
insert into city (id, name, code, country_id) values (1022, 'FLORIDA', 76275, 1);
insert into city (id, name, code, country_id) values (1023, 'GINEBRA', 76306, 1);
insert into city (id, name, code, country_id) values (1024, 'GUACARI', 76318, 1);
insert into city (id, name, code, country_id) values (1025, 'JAMUNDI', 76364, 1);
insert into city (id, name, code, country_id) values (1026, 'LA CUMBRE', 76377, 1);
insert into city (id, name, code, country_id) values (1027, 'LA UNION', 76400, 1);
insert into city (id, name, code, country_id) values (1028, 'LA VICTORIA', 76403, 1);
insert into city (id, name, code, country_id) values (1029, 'OBANDO', 76497, 1);
insert into city (id, name, code, country_id) values (1030, 'PALMIRA', 76520, 1);
insert into city (id, name, code, country_id) values (1031, 'PRADERA', 76563, 1);
insert into city (id, name, code, country_id) values (1032, 'RESTREPO', 76606, 1);
insert into city (id, name, code, country_id) values (1033, 'RIOFRIO', 76616, 1);
insert into city (id, name, code, country_id) values (1034, 'ROLDANILLO', 76622, 1);
insert into city (id, name, code, country_id) values (1035, 'SAN PEDRO', 76670, 1);
insert into city (id, name, code, country_id) values (1036, 'SEVILLA', 76736, 1);
insert into city (id, name, code, country_id) values (1037, 'TORO', 76823, 1);
insert into city (id, name, code, country_id) values (1038, 'TRUJILLO', 76828, 1);
insert into city (id, name, code, country_id) values (1039, 'TULUA', 76834, 1);
insert into city (id, name, code, country_id) values (1040, 'ULLOA', 76845, 1);
insert into city (id, name, code, country_id) values (1041, 'VERSALLES', 76863, 1);
insert into city (id, name, code, country_id) values (1042, 'VIJES', 76869, 1);
insert into city (id, name, code, country_id) values (1043, 'YOTOCO', 76890, 1);
insert into city (id, name, code, country_id) values (1044, 'YUMBO', 76892, 1);
insert into city (id, name, code, country_id) values (1045, 'ZARZAL', 76895, 1);
insert into city (id, name, code, country_id) values (1046, 'ARAUCA', 81001, 1);
insert into city (id, name, code, country_id) values (1047, 'ARAUQUITA', 81065, 1);
insert into city (id, name, code, country_id) values (1048, 'CRAVO NORTE', 81220, 1);
insert into city (id, name, code, country_id) values (1049, 'FORTUL', 81300, 1);
insert into city (id, name, code, country_id) values (1050, 'PUERTO RONDON', 81591, 1);
insert into city (id, name, code, country_id) values (1051, 'SARAVENA', 81736, 1);
insert into city (id, name, code, country_id) values (1052, 'TAME', 81794, 1);
insert into city (id, name, code, country_id) values (1053, 'YOPAL', 85001, 1);
insert into city (id, name, code, country_id) values (1054, 'AGUAZUL', 85010, 1);
insert into city (id, name, code, country_id) values (1055, 'CHAMEZA', 85015, 1);
insert into city (id, name, code, country_id) values (1056, 'HATO COROZAL', 85125, 1);
insert into city (id, name, code, country_id) values (1057, 'LA SALINA', 85136, 1);
insert into city (id, name, code, country_id) values (1058, 'MANI', 85139, 1);
insert into city (id, name, code, country_id) values (1059, 'MONTERREY', 85162, 1);
insert into city (id, name, code, country_id) values (1060, 'NUNCHIA', 85225, 1);
insert into city (id, name, code, country_id) values (1061, 'OROCUE', 85230, 1);
insert into city (id, name, code, country_id) values (1062, 'PAZ DE ARIPORO', 85250, 1);
insert into city (id, name, code, country_id) values (1063, 'PORE', 85263, 1);
insert into city (id, name, code, country_id) values (1064, 'RECETOR', 85279, 1);
insert into city (id, name, code, country_id) values (1065, 'SABANALARGA', 85300, 1);
insert into city (id, name, code, country_id) values (1066, 'SACAMA', 85315, 1);
insert into city (id, name, code, country_id) values (1067, 'SAN LUIS DE PALENQUE', 85325, 1);
insert into city (id, name, code, country_id) values (1068, 'TAMARA', 85400, 1);
insert into city (id, name, code, country_id) values (1069, 'TAURAMENA', 85410, 1);
insert into city (id, name, code, country_id) values (1070, 'TRINIDAD', 85430, 1);
insert into city (id, name, code, country_id) values (1071, 'VILLANUEVA', 85440, 1);
insert into city (id, name, code, country_id) values (1072, 'MOCOA', 86001, 1);
insert into city (id, name, code, country_id) values (1073, 'COLON', 86219, 1);
insert into city (id, name, code, country_id) values (1074, 'ORITO', 86320, 1);
insert into city (id, name, code, country_id) values (1075, 'PUERTO ASIS', 86568, 1);
insert into city (id, name, code, country_id) values (1076, 'PUERTO CAICEDO', 86569, 1);
insert into city (id, name, code, country_id) values (1077, 'PUERTO GUZMAN', 86571, 1);
insert into city (id, name, code, country_id) values (1078, 'LEGUIZAMO', 86573, 1);
insert into city (id, name, code, country_id) values (1079, 'SIBUNDOY', 86749, 1);
insert into city (id, name, code, country_id) values (1080, 'SAN FRANCISCO', 86755, 1);
insert into city (id, name, code, country_id) values (1081, 'SAN MIGUEL', 86757, 1);
insert into city (id, name, code, country_id) values (1082, 'SANTIAGO', 86760, 1);
insert into city (id, name, code, country_id) values (1083, 'VALLE DEL GUAMUEZ', 86865, 1);
insert into city (id, name, code, country_id) values (1084, 'VILLAGARZON', 86885, 1);
insert into city (id, name, code, country_id) values (1085, 'SAN ANDRES', 88001, 1);
insert into city (id, name, code, country_id) values (1086, 'PROVIDENCIA', 88564, 1);
insert into city (id, name, code, country_id) values (1087, 'LETICIA', 91001, 1);
insert into city (id, name, code, country_id) values (1088, 'EL ENCANTO', 91263, 1);
insert into city (id, name, code, country_id) values (1089, 'LA CHORRERA', 91405, 1);
insert into city (id, name, code, country_id) values (1090, 'LA PEDRERA', 91407, 1);
insert into city (id, name, code, country_id) values (1091, 'LA VICTORIA', 91430, 1);
insert into city (id, name, code, country_id) values (1092, 'MIRITI - PARANA', 91460, 1);
insert into city (id, name, code, country_id) values (1093, 'PUERTO ALEGRIA', 91530, 1);
insert into city (id, name, code, country_id) values (1094, 'PUERTO ARICA', 91536, 1);
insert into city (id, name, code, country_id) values (1095, 'PUERTO NARIÑO', 91540, 1);
insert into city (id, name, code, country_id) values (1096, 'PUERTO SANTANDER', 91669, 1);
insert into city (id, name, code, country_id) values (1097, 'TARAPACA', 91798, 1);
insert into city (id, name, code, country_id) values (1098, 'INIRIDA', 94001, 1);
insert into city (id, name, code, country_id) values (1099, 'BARRANCO MINAS', 94343, 1);
insert into city (id, name, code, country_id) values (1100, 'MAPIRIPANA', 94663, 1);
insert into city (id, name, code, country_id) values (1101, 'SAN FELIPE', 94883, 1);
insert into city (id, name, code, country_id) values (1102, 'PUERTO COLOMBIA', 94884, 1);
insert into city (id, name, code, country_id) values (1103, 'LA GUADALUPE', 94885, 1);
insert into city (id, name, code, country_id) values (1104, 'CACAHUAL', 94886, 1);
insert into city (id, name, code, country_id) values (1105, 'PANA PANA', 94887, 1);
insert into city (id, name, code, country_id) values (1106, 'MORICHAL', 94888, 1);
insert into city (id, name, code, country_id) values (1107, 'SAN JOSE DEL GUAVIARE', 95001, 1);
insert into city (id, name, code, country_id) values (1108, 'CALAMAR', 95015, 1);
insert into city (id, name, code, country_id) values (1109, 'EL RETORNO', 95025, 1);
insert into city (id, name, code, country_id) values (1110, 'MIRAFLORES', 95200, 1);
insert into city (id, name, code, country_id) values (1111, 'MITU', 97001, 1);
insert into city (id, name, code, country_id) values (1112, 'CARURU', 97161, 1);
insert into city (id, name, code, country_id) values (1113, 'PACOA', 97511, 1);
insert into city (id, name, code, country_id) values (1114, 'TARAIRA', 97666, 1);
insert into city (id, name, code, country_id) values (1115, 'PAPUNAUA', 97777, 1);
insert into city (id, name, code, country_id) values (1116, 'YAVARATE', 97889, 1);
insert into city (id, name, code, country_id) values (1117, 'PUERTO CARREÑO', 99001, 1);
insert into city (id, name, code, country_id) values (1118, 'LA PRIMAVERA', 99524, 1);
insert into city (id, name, code, country_id) values (1119, 'SANTA ROSALIA', 99624, 1);
insert into city (id, name, code, country_id) values (1120, 'CUMARIBO', 99773, 1);

insert into country (id, name) values (1, 'Colombia');
insert into country (id, name) values (2, 'Mexico');
insert into country (id, name) values (3, 'Argentina');
insert into country (id, name) values (4, 'Unated States');

insert into currency (id, name, code, country_id) values (1, 'Colombian Peso', 'COP', 1);
insert into currency (id, name, code, country_id) values (2, 'Mexican Peso', 'MXN', 2);
insert into currency (id, name, code, country_id) values (3, 'Argentine Peso', 'ARS', 3);
insert into currency (id, name, code, country_id) values (4, 'US Dollar', 'USD', 4);

insert into extended_user (id, status, last_name_1, last_name_2, first_name_1, first_name_2, full_name, id_number, gender, marital_status, residence_address, postal_address, phone_number, mobile_number, birth_date, date_created, last_updated, email, company, image_id_url, image_address_url, user_id, residence_city_id, postal_city_id, branch_id, id_type_id, balance) values (1, 'ACCEPTED', 'Koch', '', 'Christina', '', 'Christina Koch', '', 'MALE', 'SINGLE', '', '', '', '', '2019-08-16 11:46:00.000000000', '2019-08-16 11:46:00.000000000', '2019-08-16 11:46:00.000000000', 'system@localhost', '', '', '', 1, 1, 1, 1, 1, null);
insert into extended_user (id, status, last_name_1, last_name_2, first_name_1, first_name_2, full_name, id_number, gender, marital_status, residence_address, postal_address, phone_number, mobile_number, birth_date, date_created, last_updated, email, company, image_id_url, image_address_url, user_id, residence_city_id, postal_city_id, branch_id, id_type_id, balance) values (2, 'ACCEPTED', 'Dell''Agnolla', '', 'Juan', 'Manuel', 'Juan Dell''Agnolla', 12345678, 'MALE', 'SINGLE', '', '', '', '', '2019-08-16 11:46:00.000000000', '2019-08-16 11:46:00.000000000', '2019-08-16 11:46:00.000000000', 'anonymous@localhost', '', '', '', 2, 1, 1, 1, 1, null);
insert into extended_user (id, status, last_name_1, last_name_2, first_name_1, first_name_2, full_name, id_number, gender, marital_status, residence_address, postal_address, phone_number, mobile_number, birth_date, date_created, last_updated, email, company, image_id_url, image_address_url, user_id, residence_city_id, postal_city_id, branch_id, id_type_id, balance) values (3, 'ACCEPTED', 'Alex', '', 'Pereira', '', 'Alex Pereira', '', 'MALE', 'SINGLE', '', '', '', '', '2019-08-16 11:46:00.000000000', '2019-08-16 11:46:00.000000000', '2019-08-16 11:46:00.000000000', 'admin@localhost', '', '', '', 3, 1, 1, 1, 1, null);
insert into extended_user (id, status, last_name_1, last_name_2, first_name_1, first_name_2, full_name, id_number, gender, marital_status, residence_address, postal_address, phone_number, mobile_number, birth_date, date_created, last_updated, email, company, image_id_url, image_address_url, user_id, residence_city_id, postal_city_id, branch_id, id_type_id, balance) values (4, 'ACCEPTED', 'Rus', '', 'Leticia', '', 'Leticia Rus', 456987, 'FEMALE', 'SINGLE', '', '', '', '', '2019-08-16 11:46:00.000000000', '2019-08-16 11:46:00.000000000', '2019-08-16 11:46:00.000000000', 'letiRus@localhost', '', '', '', 4, 1, 1, 1, 1, null);
insert into extended_user (id, status, last_name_1, last_name_2, first_name_1, first_name_2, full_name, id_number, gender, marital_status, residence_address, postal_address, phone_number, mobile_number, birth_date, date_created, last_updated, email, company, image_id_url, image_address_url, user_id, residence_city_id, postal_city_id, branch_id, id_type_id, balance) values (11, 'ACCEPTED', 'Godoy', null, 'Antonella', null, 'Antonella Godoy', 9875259, 'FEMALE', 'SINGLE', null, null, null, null, null, null, null, null, null, null, null, null, 1, 1, 1, 1, null);
insert into extended_user (id, status, last_name_1, last_name_2, first_name_1, first_name_2, full_name, id_number, gender, marital_status, residence_address, postal_address, phone_number, mobile_number, birth_date, date_created, last_updated, email, company, image_id_url, image_address_url, user_id, residence_city_id, postal_city_id, branch_id, id_type_id, balance) values (12, 'ACCEPTED', 'Robert', null, 'Amy', null, 'Amy Robert', 33625894, 'FEMALE', 'MARRIED', null, null, null, null, null, null, null, null, null, null, null, null, 1, 1, 1, 1, null);
insert into extended_user (id, status, last_name_1, last_name_2, first_name_1, first_name_2, full_name, id_number, gender, marital_status, residence_address, postal_address, phone_number, mobile_number, birth_date, date_created, last_updated, email, company, image_id_url, image_address_url, user_id, residence_city_id, postal_city_id, branch_id, id_type_id, balance) values (13, 'ACCEPTED', 'Cercasi', null, 'Juan', null, 'Juan Cercasi', 789456321, 'MALE', 'FREE_UNION', null, null, null, null, null, null, null, null, null, null, null, null, 1, 1, 1, 1, null);

insert into id_type (id, name, code, country_id) values (1, 'CEDULA DE CIUDADANIA', 01, 1);
insert into id_type (id, name, code, country_id) values (2, 'CEDULA DE EXTRANJERIA', 02, 1);
insert into id_type (id, name, code, country_id) values (3, 'NIT', 03, 1);
insert into id_type (id, name, code, country_id) values (4, 'TARJETA DE IDENTIDAD', 04, 1);
insert into id_type (id, name, code, country_id) values (5, 'PASAPORTE', 05, 1);
insert into id_type (id, name, code, country_id) values (6, 'CARNE DIPLOMATICO', 06, 1);
insert into id_type (id, name, code, country_id) values (7, 'SOCIEDAD EXTRANJERA SIN NIT EN COLOMBIA', 07, 1);
insert into id_type (id, name, code, country_id) values (8, 'FIDEICOMISO', 08, 1);
insert into id_type (id, name, code, country_id) values (9, 'REGISTRO CIVIL DE NACIMIENTO', 09, 1);
insert into id_type (id, name, code, country_id) values (10, 'DNI', '', 3);
insert into id_type (id, name, code, country_id) values (11, 'LE', '', 3);
insert into id_type (id, name, code, country_id) values (12, 'LC', '', 3);
insert into id_type (id, name, code, country_id) values (13, 'DU', '', 3);
insert into id_type (id, name, code, country_id) values (14, 'PASAPORTE', '', 3);

insert into jhi_authority (name) values ('ROLE_ADMIN');
insert into jhi_authority (name) values ('ROLE_MERCHANT');
insert into jhi_authority (name) values ('ROLE_RECIPIENT');
insert into jhi_authority (name) values ('ROLE_USER');

insert into jhi_persistent_audit_event (event_id, principal, event_date, event_type) values (1, 'admin', '2019-09-03 13:21:11.959595000', 'AUTHENTICATION_SUCCESS');
insert into jhi_persistent_audit_event (event_id, principal, event_date, event_type) values (2, 'admin', '2019-09-03 14:31:29.668034000', 'AUTHENTICATION_SUCCESS');
insert into jhi_persistent_audit_event (event_id, principal, event_date, event_type) values (3, 'admin', '2019-09-03 16:55:31.403891000', 'AUTHENTICATION_SUCCESS');
insert into jhi_persistent_audit_event (event_id, principal, event_date, event_type) values (33, 'admin', '2019-09-04 11:06:21.404514000', 'AUTHENTICATION_SUCCESS');
insert into jhi_persistent_audit_event (event_id, principal, event_date, event_type) values (65, 'admin', '2019-09-04 11:49:00.620838000', 'AUTHENTICATION_SUCCESS');
insert into jhi_persistent_audit_event (event_id, principal, event_date, event_type) values (97, 'admin', '2019-09-05 13:28:28.277409000', 'AUTHENTICATION_SUCCESS');
insert into jhi_persistent_audit_event (event_id, principal, event_date, event_type) values (129, 'admin', '2019-09-13 13:57:56.561656000', 'AUTHENTICATION_SUCCESS');
insert into jhi_persistent_audit_event (event_id, principal, event_date, event_type) values (161, 'admin', '2019-09-16 11:35:17.508187000', 'AUTHENTICATION_SUCCESS');
insert into jhi_persistent_audit_event (event_id, principal, event_date, event_type) values (193, 'admin', '2019-09-16 17:49:43.797497000', 'AUTHENTICATION_SUCCESS');
insert into jhi_persistent_audit_event (event_id, principal, event_date, event_type) values (225, 'admin', '2019-09-16 19:23:08.428021000', 'AUTHENTICATION_SUCCESS');
insert into jhi_persistent_audit_event (event_id, principal, event_date, event_type) values (257, 'admin', '2019-09-17 11:23:16.956259000', 'AUTHENTICATION_SUCCESS');
insert into jhi_persistent_audit_event (event_id, principal, event_date, event_type) values (289, 'admin', '2019-09-17 14:44:03.809041000', 'AUTHENTICATION_SUCCESS');

insert into jhi_user (id, login, password_hash, first_name, last_name, email, image_url, activated, lang_key, activation_key, reset_key, created_by, created_date, reset_date, last_modified_by, last_modified_date) values (1, 'system', '$2a$10$mE.qmcV0mFU5NcKh73TZx.z4ueI/.bDWbj0T1BYyqP481kGGarKLG', 'System', 'System', 'system@localhost', '', 'true', 'en', null, null, 'system', null, null, 'system', null);
insert into jhi_user (id, login, password_hash, first_name, last_name, email, image_url, activated, lang_key, activation_key, reset_key, created_by, created_date, reset_date, last_modified_by, last_modified_date) values (2, 'anonymoususer', '$2a$10$j8S5d7Sr7.8VTOYNviDPOeWX8KcYILUVJBsYV83Y5NtECayypx9lO', 'Anonymous', 'User', 'anonymous@localhost', '', 'true', 'en', null, null, 'system', null, null, 'system', null);
insert into jhi_user (id, login, password_hash, first_name, last_name, email, image_url, activated, lang_key, activation_key, reset_key, created_by, created_date, reset_date, last_modified_by, last_modified_date) values (3, 'admin', '$2a$10$gSAhZrxMllrbgj/kkK9UceBPpChGWJA7SYIb1Mqo.n5aNLq1/oRrC', 'Administrator', 'Administrator', 'admin@localhost', '', 'true', 'en', null, null, 'system', null, null, 'system', null);
insert into jhi_user (id, login, password_hash, first_name, last_name, email, image_url, activated, lang_key, activation_key, reset_key, created_by, created_date, reset_date, last_modified_by, last_modified_date) values (4, 'user', '$2a$10$VEjxo0jq2YG9Rbk2HmX9S.k1uZBGYUHdUcid3g/vfiEl7lwWgOH/K', 'User', 'User', 'user@localhost', '', 'true', 'en', null, null, 'system', null, null, 'system', null);

insert into jhi_user_authority (user_id, authority_name) values (1, 'ROLE_ADMIN');
insert into jhi_user_authority (user_id, authority_name) values (1, 'ROLE_USER');
insert into jhi_user_authority (user_id, authority_name) values (3, 'ROLE_ADMIN');
insert into jhi_user_authority (user_id, authority_name) values (3, 'ROLE_USER');
insert into jhi_user_authority (user_id, authority_name) values (4, 'ROLE_USER');

